/*********************************************************************/
/*      ALTERAÇÕES DOS DADOS DA VERSAO 0.8.7.3 PARA VERSÃO 0.9.0.1   */
/*                                                                   */
/*  Arquivo de:  TODOS - DICIONARIO de DADOS                         */
/*                                                                   */
/*  Data da Atualização  : 12/01/2004 - 09:47 Am                     */
/*********************************************************************/

delete from historicos;

delete from acessos;

commit work;

delete from programas;

commit work;

delete from rotinas;

commit work;

delete from modulos;

commit work;

/* dados da Tebela de Módulos */
INSERT INTO MODULOS (PK_MODULOS, DSC_MOD, FK_LINGUAGENS, VERSAO, VER_1, VER_2, VER_3, VER_4) VALUES (1, 'Gerenciamento do Sistema', 'pt_br', '2.0.0.0', 2, 0, 0, 0);
INSERT INTO MODULOS (PK_MODULOS, DSC_MOD, FK_LINGUAGENS, VERSAO, VER_1, VER_2, VER_3, VER_4) VALUES (2, 'Gerenciamento de Cadastros', 'pt_br', '2.0.0.0', 2, 0, 0, 0);
INSERT INTO MODULOS (PK_MODULOS, DSC_MOD, FK_LINGUAGENS, VERSAO, VER_1, VER_2, VER_3, VER_4) VALUES (4, 'Gerenciamento Contábil', 'pt_br', '2.0.0.0', 2, 0, 0, 0);
INSERT INTO MODULOS (PK_MODULOS, DSC_MOD, FK_LINGUAGENS, VERSAO, VER_1, VER_2, VER_3, VER_4) VALUES (5, 'Gerenciamento de Estoques', 'pt_br', '2.0.0.0', 2, 0, 0, 0);
INSERT INTO MODULOS (PK_MODULOS, DSC_MOD, FK_LINGUAGENS, VERSAO, VER_1, VER_2, VER_3, VER_4) VALUES (6, 'Configurador de Produtos', 'pt_br', '2.0.0.0', 2, 0, 0, 0);
INSERT INTO MODULOS (PK_MODULOS, DSC_MOD, FK_LINGUAGENS, VERSAO, VER_1, VER_2, VER_3, VER_4) VALUES (8, 'Gerenciamento do PCP', 'pt_br', '2.0.0.0', 2, 0, 0, 0);
INSERT INTO MODULOS (PK_MODULOS, DSC_MOD, FK_LINGUAGENS, VERSAO, VER_1, VER_2, VER_3, VER_4) VALUES (10, 'Gerenciamento de Pedidos', 'pt_br', '2.0.0.0', 2, 0, 0, 0);
INSERT INTO MODULOS (PK_MODULOS, DSC_MOD, FK_LINGUAGENS, VERSAO, VER_1, VER_2, VER_3, VER_4) VALUES (15, 'Gerenciamento de Bancos/Caixas', 'pt_br', '0.0.0.0', 0, 0, 0, 0);
INSERT INTO MODULOS (PK_MODULOS, DSC_MOD, FK_LINGUAGENS, VERSAO, VER_1, VER_2, VER_3, VER_4) VALUES (16, 'Gerenciamento de Serviços', 'pt_br', '2.0.0.0', 2, 0, 0, 0);
INSERT INTO MODULOS (PK_MODULOS, DSC_MOD, FK_LINGUAGENS, VERSAO, VER_1, VER_2, VER_3, VER_4) VALUES (12, 'Gerenciamento do Faturamento', 'pt_br', '2.0.0.0', 2, 0, 0, 0);

COMMIT WORK;

/* Dados da tabela de Rotinas */
INSERT INTO ROTINAS (PK_ROTINAS, DSC_ROT, FK_LINGUAGENS) VALUES (1, 'Tabelas', 'pt_br');
INSERT INTO ROTINAS (PK_ROTINAS, DSC_ROT, FK_LINGUAGENS) VALUES (2, 'Cadastros', 'pt_br');
INSERT INTO ROTINAS (PK_ROTINAS, DSC_ROT, FK_LINGUAGENS) VALUES (3, 'Parametros', 'pt_br');
INSERT INTO ROTINAS (PK_ROTINAS, DSC_ROT, FK_LINGUAGENS) VALUES (4, 'Relatorios', 'pt_br');
INSERT INTO ROTINAS (PK_ROTINAS, DSC_ROT, FK_LINGUAGENS) VALUES (5, 'Consultas', 'pt_br');
INSERT INTO ROTINAS (PK_ROTINAS, DSC_ROT, FK_LINGUAGENS) VALUES (6, 'Movimentacao', 'pt_br');
INSERT INTO ROTINAS (PK_ROTINAS, DSC_ROT, FK_LINGUAGENS) VALUES (7, 'Ferramentas', 'pt_br');

COMMIT WORK;

set generator ROTINAS to 7;

INSERT INTO PROGRAMAS (FK_MODULOS, FK_ROTINAS, PK_PROGRAMAS, FK_RELATORIOS, FK_LINGUAGENS, DSC_PRG, NOM_LIB, FLAG_VIS, FLAG_REL, NOM_FRM, QTD_PARAM) VALUES (1, 1, 4, NULL, 'pt_br', 'Tabela de Tipos de Documentos', 'SysMan', 1, 0, 'TCdTypeDocs', NULL);
INSERT INTO PROGRAMAS (FK_MODULOS, FK_ROTINAS, PK_PROGRAMAS, FK_RELATORIOS, FK_LINGUAGENS, DSC_PRG, NOM_LIB, FLAG_VIS, FLAG_REL, NOM_FRM, QTD_PARAM) VALUES (1, 1, 5, NULL, 'pt_br', 'Tabela de Impressoras', 'SysMan', 1, 0, 'TCdImpressoras', NULL);
INSERT INTO PROGRAMAS (FK_MODULOS, FK_ROTINAS, PK_PROGRAMAS, FK_RELATORIOS, FK_LINGUAGENS, DSC_PRG, NOM_LIB, FLAG_VIS, FLAG_REL, NOM_FRM, QTD_PARAM) VALUES (1, 2, 1, NULL, 'pt_br', 'Cadastro de Empresas', 'SysMan', 1, 0, 'TCdEmpresa', NULL);
INSERT INTO PROGRAMAS (FK_MODULOS, FK_ROTINAS, PK_PROGRAMAS, FK_RELATORIOS, FK_LINGUAGENS, DSC_PRG, NOM_LIB, FLAG_VIS, FLAG_REL, NOM_FRM, QTD_PARAM) VALUES (1, 2, 2, NULL, 'pt_br', 'Cadastro de Menus', 'SysMan', 1, 0, 'TCdProgramas', NULL);
INSERT INTO PROGRAMAS (FK_MODULOS, FK_ROTINAS, PK_PROGRAMAS, FK_RELATORIOS, FK_LINGUAGENS, DSC_PRG, NOM_LIB, FLAG_VIS, FLAG_REL, NOM_FRM, QTD_PARAM) VALUES (1, 2, 3, NULL, 'pt_br', 'Cadastro de Acessos', 'SysMan', 1, 0, 'TCdAcessos', NULL);
INSERT INTO PROGRAMAS (FK_MODULOS, FK_ROTINAS, PK_PROGRAMAS, FK_RELATORIOS, FK_LINGUAGENS, DSC_PRG, NOM_LIB, FLAG_VIS, FLAG_REL, NOM_FRM, QTD_PARAM) VALUES (1, 3, 2, NULL, 'pt_br', 'Cadastro de Parametros Globais', 'SysMan', 1, 0, 'TCdParamGlobal', NULL);
INSERT INTO PROGRAMAS (FK_MODULOS, FK_ROTINAS, PK_PROGRAMAS, FK_RELATORIOS, FK_LINGUAGENS, DSC_PRG, NOM_LIB, FLAG_VIS, FLAG_REL, NOM_FRM, QTD_PARAM) VALUES (1, 4, 1, 2, 'pt_br', 'Listagem dos Programas', 'SysRel', 1, 1, 'TPrintManager', NULL);
INSERT INTO PROGRAMAS (FK_MODULOS, FK_ROTINAS, PK_PROGRAMAS, FK_RELATORIOS, FK_LINGUAGENS, DSC_PRG, NOM_LIB, FLAG_VIS, FLAG_REL, NOM_FRM, QTD_PARAM) VALUES (1, 4, 2, 2, 'pt_br', 'Listagem dos Acessos p/Oper.', 'SysRel', 1, 1, 'TPrintManager', NULL);
INSERT INTO PROGRAMAS (FK_MODULOS, FK_ROTINAS, PK_PROGRAMAS, FK_RELATORIOS, FK_LINGUAGENS, DSC_PRG, NOM_LIB, FLAG_VIS, FLAG_REL, NOM_FRM, QTD_PARAM) VALUES (1, 5, 1, NULL, 'pt_br', 'Consulta de Historicos', 'SysMan', 1, 0, 'TfrmViewHistoric', NULL);
INSERT INTO PROGRAMAS (FK_MODULOS, FK_ROTINAS, PK_PROGRAMAS, FK_RELATORIOS, FK_LINGUAGENS, DSC_PRG, NOM_LIB, FLAG_VIS, FLAG_REL, NOM_FRM, QTD_PARAM) VALUES (1, 7, 1, NULL, 'pt_br', 'Cadastro de Mens. do Sistema', 'SysMan', 1, 0, 'TCdMessage', NULL);
INSERT INTO PROGRAMAS (FK_MODULOS, FK_ROTINAS, PK_PROGRAMAS, FK_RELATORIOS, FK_LINGUAGENS, DSC_PRG, NOM_LIB, FLAG_VIS, FLAG_REL, NOM_FRM, QTD_PARAM) VALUES (1, 7, 2, NULL, 'pt_br', 'Cadastro de Dicion. de Dados', 'SysMan', 1, 0, 'TCdDictionary', NULL);
INSERT INTO PROGRAMAS (FK_MODULOS, FK_ROTINAS, PK_PROGRAMAS, FK_RELATORIOS, FK_LINGUAGENS, DSC_PRG, NOM_LIB, FLAG_VIS, FLAG_REL, NOM_FRM, QTD_PARAM) VALUES (1, 7, 5, NULL, 'pt_br', 'Cadastro de Mascaras', 'SysMan', 1, 0, 'TCdMasks', NULL);
INSERT INTO PROGRAMAS (FK_MODULOS, FK_ROTINAS, PK_PROGRAMAS, FK_RELATORIOS, FK_LINGUAGENS, DSC_PRG, NOM_LIB, FLAG_VIS, FLAG_REL, NOM_FRM, QTD_PARAM) VALUES (1, 7, 10, NULL, 'pt_br', 'Gerador de Relatórios', 'SysRel', 1, 0, 'TCdReports', 0);
INSERT INTO PROGRAMAS (FK_MODULOS, FK_ROTINAS, PK_PROGRAMAS, FK_RELATORIOS, FK_LINGUAGENS, DSC_PRG, NOM_LIB, FLAG_VIS, FLAG_REL, NOM_FRM, QTD_PARAM) VALUES (2, 1, 1, NULL, 'pt_br', 'Tabela de Países', 'SysCad', 1, 0, 'TCdPaises', NULL);
INSERT INTO PROGRAMAS (FK_MODULOS, FK_ROTINAS, PK_PROGRAMAS, FK_RELATORIOS, FK_LINGUAGENS, DSC_PRG, NOM_LIB, FLAG_VIS, FLAG_REL, NOM_FRM, QTD_PARAM) VALUES (2, 1, 2, NULL, 'pt_br', 'Tabela de Estados', 'SysCad', 1, 0, 'TCdEstados', NULL);
INSERT INTO PROGRAMAS (FK_MODULOS, FK_ROTINAS, PK_PROGRAMAS, FK_RELATORIOS, FK_LINGUAGENS, DSC_PRG, NOM_LIB, FLAG_VIS, FLAG_REL, NOM_FRM, QTD_PARAM) VALUES (2, 1, 3, NULL, 'pt_br', 'Tabela de Municípios', 'SysCad', 1, 0, 'TCdMunicipios', NULL);
INSERT INTO PROGRAMAS (FK_MODULOS, FK_ROTINAS, PK_PROGRAMAS, FK_RELATORIOS, FK_LINGUAGENS, DSC_PRG, NOM_LIB, FLAG_VIS, FLAG_REL, NOM_FRM, QTD_PARAM) VALUES (2, 1, 4, NULL, 'pt_br', 'Tabela de Bairros', 'SysCad', 1, 0, 'TCdBairros', NULL);
INSERT INTO PROGRAMAS (FK_MODULOS, FK_ROTINAS, PK_PROGRAMAS, FK_RELATORIOS, FK_LINGUAGENS, DSC_PRG, NOM_LIB, FLAG_VIS, FLAG_REL, NOM_FRM, QTD_PARAM) VALUES (2, 1, 5, NULL, 'pt_br', 'Tabela de Localidades', 'SysCad', 1, 0, 'TCdLocalidades', NULL);
INSERT INTO PROGRAMAS (FK_MODULOS, FK_ROTINAS, PK_PROGRAMAS, FK_RELATORIOS, FK_LINGUAGENS, DSC_PRG, NOM_LIB, FLAG_VIS, FLAG_REL, NOM_FRM, QTD_PARAM) VALUES (2, 1, 6, NULL, 'pt_br', 'Tabela de Categorias', 'SysCad', 1, 0, 'TCdCategoria', NULL);
INSERT INTO PROGRAMAS (FK_MODULOS, FK_ROTINAS, PK_PROGRAMAS, FK_RELATORIOS, FK_LINGUAGENS, DSC_PRG, NOM_LIB, FLAG_VIS, FLAG_REL, NOM_FRM, QTD_PARAM) VALUES (2, 1, 7, NULL, 'pt_br', 'Tabela de Tipos de Endereços', 'SysCad', 1, 0, 'TCdTipoEnd', NULL);
INSERT INTO PROGRAMAS (FK_MODULOS, FK_ROTINAS, PK_PROGRAMAS, FK_RELATORIOS, FK_LINGUAGENS, DSC_PRG, NOM_LIB, FLAG_VIS, FLAG_REL, NOM_FRM, QTD_PARAM) VALUES (2, 1, 8, NULL, 'pt_br', 'Tabela de Tipo de Estabelecim.', 'SysCad', 1, 0, 'TCdEstabelecimentos', NULL);
INSERT INTO PROGRAMAS (FK_MODULOS, FK_ROTINAS, PK_PROGRAMAS, FK_RELATORIOS, FK_LINGUAGENS, DSC_PRG, NOM_LIB, FLAG_VIS, FLAG_REL, NOM_FRM, QTD_PARAM) VALUES (2, 1, 9, NULL, 'pt_br', 'Tabela de Tipos de Bloqueios', 'SysCad', 1, 0, 'TCdBloqueio', NULL);
INSERT INTO PROGRAMAS (FK_MODULOS, FK_ROTINAS, PK_PROGRAMAS, FK_RELATORIOS, FK_LINGUAGENS, DSC_PRG, NOM_LIB, FLAG_VIS, FLAG_REL, NOM_FRM, QTD_PARAM) VALUES (2, 2, 1, NULL, 'pt_br', 'Cadastro de Entidades', 'SysCad', 1, 0, 'TfrmOwners', 0);
INSERT INTO PROGRAMAS (FK_MODULOS, FK_ROTINAS, PK_PROGRAMAS, FK_RELATORIOS, FK_LINGUAGENS, DSC_PRG, NOM_LIB, FLAG_VIS, FLAG_REL, NOM_FRM, QTD_PARAM) VALUES (2, 2, 2, NULL, 'pt_br', 'Cadastro de Clientes', 'SysCad', 1, 0, 'TfrmOwners', 2);
INSERT INTO PROGRAMAS (FK_MODULOS, FK_ROTINAS, PK_PROGRAMAS, FK_RELATORIOS, FK_LINGUAGENS, DSC_PRG, NOM_LIB, FLAG_VIS, FLAG_REL, NOM_FRM, QTD_PARAM) VALUES (2, 2, 3, NULL, 'pt_br', 'Cadastro de Fornecedores', 'SysCad', 0, 0, 'TCdFornecedores', NULL);
INSERT INTO PROGRAMAS (FK_MODULOS, FK_ROTINAS, PK_PROGRAMAS, FK_RELATORIOS, FK_LINGUAGENS, DSC_PRG, NOM_LIB, FLAG_VIS, FLAG_REL, NOM_FRM, QTD_PARAM) VALUES (2, 2, 4, NULL, 'pt_br', 'Cadastro de Funcionários', 'SysCad', 0, 0, 'TCdFuncionarios', NULL);
INSERT INTO PROGRAMAS (FK_MODULOS, FK_ROTINAS, PK_PROGRAMAS, FK_RELATORIOS, FK_LINGUAGENS, DSC_PRG, NOM_LIB, FLAG_VIS, FLAG_REL, NOM_FRM, QTD_PARAM) VALUES (4, 1, 1, NULL, 'pt_br', 'Tabela de Impostos', 'SysCtb', 1, 0, 'TCdTaxes', NULL);
INSERT INTO PROGRAMAS (FK_MODULOS, FK_ROTINAS, PK_PROGRAMAS, FK_RELATORIOS, FK_LINGUAGENS, DSC_PRG, NOM_LIB, FLAG_VIS, FLAG_REL, NOM_FRM, QTD_PARAM) VALUES (4, 1, 3, NULL, 'pt_br', 'Tabela de Situações Tributária', 'SysCtb', 1, 0, 'TCdSitTrib', NULL);
INSERT INTO PROGRAMAS (FK_MODULOS, FK_ROTINAS, PK_PROGRAMAS, FK_RELATORIOS, FK_LINGUAGENS, DSC_PRG, NOM_LIB, FLAG_VIS, FLAG_REL, NOM_FRM, QTD_PARAM) VALUES (4, 1, 4, NULL, 'pt_br', 'Tabela de Natureza Operações', 'SysCtb', 1, 0, 'TCdCfops', NULL);
INSERT INTO PROGRAMAS (FK_MODULOS, FK_ROTINAS, PK_PROGRAMAS, FK_RELATORIOS, FK_LINGUAGENS, DSC_PRG, NOM_LIB, FLAG_VIS, FLAG_REL, NOM_FRM, QTD_PARAM) VALUES (4, 1, 5, NULL, 'pt_br', 'Tabela de Classificação Fiscal', 'SysCtb', 1, 0, 'TCdClassFisc', NULL);
INSERT INTO PROGRAMAS (FK_MODULOS, FK_ROTINAS, PK_PROGRAMAS, FK_RELATORIOS, FK_LINGUAGENS, DSC_PRG, NOM_LIB, FLAG_VIS, FLAG_REL, NOM_FRM, QTD_PARAM) VALUES (4, 2, 1, NULL, 'pt_br', 'Cadastro do Plano de Contas', 'SysCtb', 1, 0, 'TCdPlanAccount', NULL);
INSERT INTO PROGRAMAS (FK_MODULOS, FK_ROTINAS, PK_PROGRAMAS, FK_RELATORIOS, FK_LINGUAGENS, DSC_PRG, NOM_LIB, FLAG_VIS, FLAG_REL, NOM_FRM, QTD_PARAM) VALUES (5, 1, 3, NULL, 'pt_br', 'Tabela de Classif.dos Produtos', 'SysEstq', 1, 0, 'TCdGroups', 0);
INSERT INTO PROGRAMAS (FK_MODULOS, FK_ROTINAS, PK_PROGRAMAS, FK_RELATORIOS, FK_LINGUAGENS, DSC_PRG, NOM_LIB, FLAG_VIS, FLAG_REL, NOM_FRM, QTD_PARAM) VALUES (5, 1, 5, NULL, 'pt_br', 'Tabela de Similares', 'SysEstq', 1, 0, 'TCdSimilares', 0);
INSERT INTO PROGRAMAS (FK_MODULOS, FK_ROTINAS, PK_PROGRAMAS, FK_RELATORIOS, FK_LINGUAGENS, DSC_PRG, NOM_LIB, FLAG_VIS, FLAG_REL, NOM_FRM, QTD_PARAM) VALUES (5, 1, 6, NULL, 'pt_br', 'Tabela de Linhas', 'SysEstq', 1, 0, 'TCdLines', 0);
INSERT INTO PROGRAMAS (FK_MODULOS, FK_ROTINAS, PK_PROGRAMAS, FK_RELATORIOS, FK_LINGUAGENS, DSC_PRG, NOM_LIB, FLAG_VIS, FLAG_REL, NOM_FRM, QTD_PARAM) VALUES (5, 1, 7, NULL, 'pt_br', 'Tabela de Unidades', 'SysEstq', 1, 0, 'TCdUnidades', 0);
INSERT INTO PROGRAMAS (FK_MODULOS, FK_ROTINAS, PK_PROGRAMAS, FK_RELATORIOS, FK_LINGUAGENS, DSC_PRG, NOM_LIB, FLAG_VIS, FLAG_REL, NOM_FRM, QTD_PARAM) VALUES (5, 1, 8, NULL, 'pt_br', 'Tabela de Preços', 'SysEstq', 1, 0, 'TCdTabelaPrecos', 0);
INSERT INTO PROGRAMAS (FK_MODULOS, FK_ROTINAS, PK_PROGRAMAS, FK_RELATORIOS, FK_LINGUAGENS, DSC_PRG, NOM_LIB, FLAG_VIS, FLAG_REL, NOM_FRM, QTD_PARAM) VALUES (5, 1, 10, NULL, 'pt_br', 'Tabela de Almoxarifados', 'SysEstq', 1, 0, 'TCdAlmoxarifados', 0);
INSERT INTO PROGRAMAS (FK_MODULOS, FK_ROTINAS, PK_PROGRAMAS, FK_RELATORIOS, FK_LINGUAGENS, DSC_PRG, NOM_LIB, FLAG_VIS, FLAG_REL, NOM_FRM, QTD_PARAM) VALUES (5, 1, 17, NULL, 'pt_br', 'Tabela de Tipos de Produtos', 'SysEstq', 1, 0, 'TCdTipoProd', 0);
INSERT INTO PROGRAMAS (FK_MODULOS, FK_ROTINAS, PK_PROGRAMAS, FK_RELATORIOS, FK_LINGUAGENS, DSC_PRG, NOM_LIB, FLAG_VIS, FLAG_REL, NOM_FRM, QTD_PARAM) VALUES (5, 1, 19, NULL, 'pt_br', 'Tabela de Tipo da Sit. Estq.', 'SysEstq', 1, 0, 'TCdTSitEstq', 0);
INSERT INTO PROGRAMAS (FK_MODULOS, FK_ROTINAS, PK_PROGRAMAS, FK_RELATORIOS, FK_LINGUAGENS, DSC_PRG, NOM_LIB, FLAG_VIS, FLAG_REL, NOM_FRM, QTD_PARAM) VALUES (5, 1, 20, NULL, 'pt_br', 'Tabela de Tipos Movimentação', 'SysEstq', 1, 0, 'TCdTypeMov', 0);
INSERT INTO PROGRAMAS (FK_MODULOS, FK_ROTINAS, PK_PROGRAMAS, FK_RELATORIOS, FK_LINGUAGENS, DSC_PRG, NOM_LIB, FLAG_VIS, FLAG_REL, NOM_FRM, QTD_PARAM) VALUES (5, 1, 21, NULL, 'pt_br', 'Tabela de Parâmetros', 'SysEstq', 1, 0, 'TCdParamsEstq', NULL);
INSERT INTO PROGRAMAS (FK_MODULOS, FK_ROTINAS, PK_PROGRAMAS, FK_RELATORIOS, FK_LINGUAGENS, DSC_PRG, NOM_LIB, FLAG_VIS, FLAG_REL, NOM_FRM, QTD_PARAM) VALUES (5, 2, 1, NULL, 'pt_br', 'Cadastro de Produtos de Venda', 'SysEstq', 1, 0, 'TfrmProducts', 1);
INSERT INTO PROGRAMAS (FK_MODULOS, FK_ROTINAS, PK_PROGRAMAS, FK_RELATORIOS, FK_LINGUAGENS, DSC_PRG, NOM_LIB, FLAG_VIS, FLAG_REL, NOM_FRM, QTD_PARAM) VALUES (5, 2, 2, NULL, 'pt_br', 'Cadastro de Produtos de Compra', 'SysEstq', 1, 0, 'TfrmProducts', 2);
INSERT INTO PROGRAMAS (FK_MODULOS, FK_ROTINAS, PK_PROGRAMAS, FK_RELATORIOS, FK_LINGUAGENS, DSC_PRG, NOM_LIB, FLAG_VIS, FLAG_REL, NOM_FRM, QTD_PARAM) VALUES (5, 2, 3, NULL, 'pt_br', 'Cadastro de Serviços', 'SysEstq', 1, 0, 'TfrmProducts', 2);
INSERT INTO PROGRAMAS (FK_MODULOS, FK_ROTINAS, PK_PROGRAMAS, FK_RELATORIOS, FK_LINGUAGENS, DSC_PRG, NOM_LIB, FLAG_VIS, FLAG_REL, NOM_FRM, QTD_PARAM) VALUES (5, 2, 4, NULL, 'pt_br', 'Cadastro de Peças', 'SysEstq', 1, 0, 'TfrmProducts', 2);
INSERT INTO PROGRAMAS (FK_MODULOS, FK_ROTINAS, PK_PROGRAMAS, FK_RELATORIOS, FK_LINGUAGENS, DSC_PRG, NOM_LIB, FLAG_VIS, FLAG_REL, NOM_FRM, QTD_PARAM) VALUES (5, 2, 5, NULL, 'pt_br', 'Cadastro de Produtos Geral', 'SysEstq', 1, 0, 'TfrmProducts', 0);
INSERT INTO PROGRAMAS (FK_MODULOS, FK_ROTINAS, PK_PROGRAMAS, FK_RELATORIOS, FK_LINGUAGENS, DSC_PRG, NOM_LIB, FLAG_VIS, FLAG_REL, NOM_FRM, QTD_PARAM) VALUES (5, 2, 6, NULL, 'pt_br', 'Cadastro do Patrimônio', 'SysEstq', 1, 0, 'TfrmProducts', 2);
INSERT INTO PROGRAMAS (FK_MODULOS, FK_ROTINAS, PK_PROGRAMAS, FK_RELATORIOS, FK_LINGUAGENS, DSC_PRG, NOM_LIB, FLAG_VIS, FLAG_REL, NOM_FRM, QTD_PARAM) VALUES (5, 4, 1, 1, 'pt_br', 'Listagem de Seções/Grupos/Sub', 'SysRel', 1, 1, 'TPrintManager', 0);
INSERT INTO PROGRAMAS (FK_MODULOS, FK_ROTINAS, PK_PROGRAMAS, FK_RELATORIOS, FK_LINGUAGENS, DSC_PRG, NOM_LIB, FLAG_VIS, FLAG_REL, NOM_FRM, QTD_PARAM) VALUES (5, 4, 2, 2, 'pt_br', 'Listagem da Tabela de Preços', 'SysRel', 1, 1, 'TPrintManager', 0);
INSERT INTO PROGRAMAS (FK_MODULOS, FK_ROTINAS, PK_PROGRAMAS, FK_RELATORIOS, FK_LINGUAGENS, DSC_PRG, NOM_LIB, FLAG_VIS, FLAG_REL, NOM_FRM, QTD_PARAM) VALUES (5, 4, 3, 3, 'pt_br', 'Listagem dos Estoques', 'SysRel', 1, 1, 'TPrintManager', 0);
INSERT INTO PROGRAMAS (FK_MODULOS, FK_ROTINAS, PK_PROGRAMAS, FK_RELATORIOS, FK_LINGUAGENS, DSC_PRG, NOM_LIB, FLAG_VIS, FLAG_REL, NOM_FRM, QTD_PARAM) VALUES (5, 6, 1, NULL, 'pt_br', 'Moviment. de Estoques por Req.', 'SysEstq', 1, 0, 'TfmRequisicoes', 0);
INSERT INTO PROGRAMAS (FK_MODULOS, FK_ROTINAS, PK_PROGRAMAS, FK_RELATORIOS, FK_LINGUAGENS, DSC_PRG, NOM_LIB, FLAG_VIS, FLAG_REL, NOM_FRM, QTD_PARAM) VALUES (5, 6, 2, NULL, 'pt_br', 'Notas Fiscais de Entrada', 'SysPed', 1, 0, 'TCdPedidos', 1);
INSERT INTO PROGRAMAS (FK_MODULOS, FK_ROTINAS, PK_PROGRAMAS, FK_RELATORIOS, FK_LINGUAGENS, DSC_PRG, NOM_LIB, FLAG_VIS, FLAG_REL, NOM_FRM, QTD_PARAM) VALUES (5, 6, 3, NULL, 'pt_br', 'Notas Fiscais de Saída', 'SysPed', 1, 0, 'TCdPedidos', 1);
INSERT INTO PROGRAMAS (FK_MODULOS, FK_ROTINAS, PK_PROGRAMAS, FK_RELATORIOS, FK_LINGUAGENS, DSC_PRG, NOM_LIB, FLAG_VIS, FLAG_REL, NOM_FRM, QTD_PARAM) VALUES (6, 1, 1, NULL, 'pt_br', 'Tabela de Tipos de Acabamentos', 'SysConf', 1, 0, 'TCdTipoAcabamentos', NULL);
INSERT INTO PROGRAMAS (FK_MODULOS, FK_ROTINAS, PK_PROGRAMAS, FK_RELATORIOS, FK_LINGUAGENS, DSC_PRG, NOM_LIB, FLAG_VIS, FLAG_REL, NOM_FRM, QTD_PARAM) VALUES (6, 1, 2, NULL, 'pt_br', 'Tabela de Tipos de Componentes', 'SysConf', 1, 0, 'TCdTipoComponentes', NULL);
INSERT INTO PROGRAMAS (FK_MODULOS, FK_ROTINAS, PK_PROGRAMAS, FK_RELATORIOS, FK_LINGUAGENS, DSC_PRG, NOM_LIB, FLAG_VIS, FLAG_REL, NOM_FRM, QTD_PARAM) VALUES (6, 1, 3, NULL, 'pt_br', 'Tabela de Tipos de Referencias', 'SysConf', 1, 0, 'TCdTipoReferencias', NULL);
INSERT INTO PROGRAMAS (FK_MODULOS, FK_ROTINAS, PK_PROGRAMAS, FK_RELATORIOS, FK_LINGUAGENS, DSC_PRG, NOM_LIB, FLAG_VIS, FLAG_REL, NOM_FRM, QTD_PARAM) VALUES (6, 7, 1, NULL, 'pt_br', 'Configurador de Produtos', 'SysConf', 1, 0, 'TfmConfigurador', 0);
INSERT INTO PROGRAMAS (FK_MODULOS, FK_ROTINAS, PK_PROGRAMAS, FK_RELATORIOS, FK_LINGUAGENS, DSC_PRG, NOM_LIB, FLAG_VIS, FLAG_REL, NOM_FRM, QTD_PARAM) VALUES (8, 2, 2, NULL, 'pt_br', 'Cadastro de Peças', 'SysEstq', 1, 0, 'TfrmProducts', NULL);
INSERT INTO PROGRAMAS (FK_MODULOS, FK_ROTINAS, PK_PROGRAMAS, FK_RELATORIOS, FK_LINGUAGENS, DSC_PRG, NOM_LIB, FLAG_VIS, FLAG_REL, NOM_FRM, QTD_PARAM) VALUES (10, 1, 5, NULL, 'pt_br', 'Tabelas de Movimentações', 'SysPed', 1, 0, 'TCdTablesMoviment', NULL);
INSERT INTO PROGRAMAS (FK_MODULOS, FK_ROTINAS, PK_PROGRAMAS, FK_RELATORIOS, FK_LINGUAGENS, DSC_PRG, NOM_LIB, FLAG_VIS, FLAG_REL, NOM_FRM, QTD_PARAM) VALUES (10, 1, 7, NULL, 'pt_br', 'Tabela de Tipos de Fretes', 'SysPed', 1, 0, 'TCdTipoFretes', NULL);
INSERT INTO PROGRAMAS (FK_MODULOS, FK_ROTINAS, PK_PROGRAMAS, FK_RELATORIOS, FK_LINGUAGENS, DSC_PRG, NOM_LIB, FLAG_VIS, FLAG_REL, NOM_FRM, QTD_PARAM) VALUES (10, 1, 8, NULL, 'pt_br', 'Tabela de Prazos de Entrega', 'SysPed', 1, 0, 'TCdDelivery', NULL);
INSERT INTO PROGRAMAS (FK_MODULOS, FK_ROTINAS, PK_PROGRAMAS, FK_RELATORIOS, FK_LINGUAGENS, DSC_PRG, NOM_LIB, FLAG_VIS, FLAG_REL, NOM_FRM, QTD_PARAM) VALUES (10, 1, 9, NULL, 'pt_br', 'Tabela de Parâmetros', 'SysPed', 1, 0, 'TCdParamsPed', NULL);
INSERT INTO PROGRAMAS (FK_MODULOS, FK_ROTINAS, PK_PROGRAMAS, FK_RELATORIOS, FK_LINGUAGENS, DSC_PRG, NOM_LIB, FLAG_VIS, FLAG_REL, NOM_FRM, QTD_PARAM) VALUES (10, 6, 1, NULL, 'pt_br', 'Pedidos de Clientes', 'SysPed', 1, 0, 'TCdPedidos', 2);
INSERT INTO PROGRAMAS (FK_MODULOS, FK_ROTINAS, PK_PROGRAMAS, FK_RELATORIOS, FK_LINGUAGENS, DSC_PRG, NOM_LIB, FLAG_VIS, FLAG_REL, NOM_FRM, QTD_PARAM) VALUES (10, 6, 2, NULL, 'pt_br', 'Pedidos de Fornecedores', 'SysPed', 1, 0, 'TCdPedidos', 1);
INSERT INTO PROGRAMAS (FK_MODULOS, FK_ROTINAS, PK_PROGRAMAS, FK_RELATORIOS, FK_LINGUAGENS, DSC_PRG, NOM_LIB, FLAG_VIS, FLAG_REL, NOM_FRM, QTD_PARAM) VALUES (12, 1, 1, NULL, 'pt_br', 'Tabela de Classificação Fin.', 'SysFat', 1, 0, 'TCdFinanceAcc', 0);
INSERT INTO PROGRAMAS (FK_MODULOS, FK_ROTINAS, PK_PROGRAMAS, FK_RELATORIOS, FK_LINGUAGENS, DSC_PRG, NOM_LIB, FLAG_VIS, FLAG_REL, NOM_FRM, QTD_PARAM) VALUES (12, 1, 2, NULL, 'pt_br', 'Tabela de Centros de Custos', 'SysFat', 1, 0, 'TCdCentroCustos', 0);
INSERT INTO PROGRAMAS (FK_MODULOS, FK_ROTINAS, PK_PROGRAMAS, FK_RELATORIOS, FK_LINGUAGENS, DSC_PRG, NOM_LIB, FLAG_VIS, FLAG_REL, NOM_FRM, QTD_PARAM) VALUES (12, 1, 3, NULL, 'pt_br', 'Tabela de Finalizadoras', 'SysFat', 1, 0, 'TCdFinalizadoras', NULL);
INSERT INTO PROGRAMAS (FK_MODULOS, FK_ROTINAS, PK_PROGRAMAS, FK_RELATORIOS, FK_LINGUAGENS, DSC_PRG, NOM_LIB, FLAG_VIS, FLAG_REL, NOM_FRM, QTD_PARAM) VALUES (12, 2, 1, NULL, 'pt_br', 'Cadastro de Documentos', 'SysFat', 1, 0, 'TfmDocumentos', 0);
INSERT INTO PROGRAMAS (FK_MODULOS, FK_ROTINAS, PK_PROGRAMAS, FK_RELATORIOS, FK_LINGUAGENS, DSC_PRG, NOM_LIB, FLAG_VIS, FLAG_REL, NOM_FRM, QTD_PARAM) VALUES (15, 1, 1, NULL, 'pt_br', 'Tabela de Bancos e Contas', 'SysBcCx', 1, 0, 'TfrmAccount', NULL);
INSERT INTO PROGRAMAS (FK_MODULOS, FK_ROTINAS, PK_PROGRAMAS, FK_RELATORIOS, FK_LINGUAGENS, DSC_PRG, NOM_LIB, FLAG_VIS, FLAG_REL, NOM_FRM, QTD_PARAM) VALUES (15, 1, 2, NULL, 'pt_br', 'Tabela de Operações', 'SysBcCx', 1, 0, 'TCdOperFin', NULL);
INSERT INTO PROGRAMAS (FK_MODULOS, FK_ROTINAS, PK_PROGRAMAS, FK_RELATORIOS, FK_LINGUAGENS, DSC_PRG, NOM_LIB, FLAG_VIS, FLAG_REL, NOM_FRM, QTD_PARAM) VALUES (15, 1, 3, NULL, 'pt_br', 'Tabela de Tickets', 'SysBcCx', 1, 0, 'TCdTickets', NULL);
INSERT INTO PROGRAMAS (FK_MODULOS, FK_ROTINAS, PK_PROGRAMAS, FK_RELATORIOS, FK_LINGUAGENS, DSC_PRG, NOM_LIB, FLAG_VIS, FLAG_REL, NOM_FRM, QTD_PARAM) VALUES (15, 6, 1, NULL, 'pt_br', 'Manutenção de Lançamentos', 'SysBcCx', 1, 0, 'TfrmLancament', NULL);
INSERT INTO PROGRAMAS (FK_MODULOS, FK_ROTINAS, PK_PROGRAMAS, FK_RELATORIOS, FK_LINGUAGENS, DSC_PRG, NOM_LIB, FLAG_VIS, FLAG_REL, NOM_FRM, QTD_PARAM) VALUES (16, 1, 1, NULL, 'pt_br', 'Cadastro de Praças', 'SysBr', 1, 0, 'TfrmSquares', NULL);
INSERT INTO PROGRAMAS (FK_MODULOS, FK_ROTINAS, PK_PROGRAMAS, FK_RELATORIOS, FK_LINGUAGENS, DSC_PRG, NOM_LIB, FLAG_VIS, FLAG_REL, NOM_FRM, QTD_PARAM) VALUES (16, 1, 2, NULL, 'pt_br', 'Cadastro de Rodovias', 'SysSrv', 1, 0, 'TCdRodovias', NULL);
INSERT INTO PROGRAMAS (FK_MODULOS, FK_ROTINAS, PK_PROGRAMAS, FK_RELATORIOS, FK_LINGUAGENS, DSC_PRG, NOM_LIB, FLAG_VIS, FLAG_REL, NOM_FRM, QTD_PARAM) VALUES (16, 1, 3, NULL, 'pt_br', 'Tabela de Lim. de Municípios', 'SysSrv', 1, 0, 'TCdLimites', NULL);
INSERT INTO PROGRAMAS (FK_MODULOS, FK_ROTINAS, PK_PROGRAMAS, FK_RELATORIOS, FK_LINGUAGENS, DSC_PRG, NOM_LIB, FLAG_VIS, FLAG_REL, NOM_FRM, QTD_PARAM) VALUES (16, 1, 4, NULL, 'pt_br', 'Tabela de Status da OS', 'SysBr', 1, 0, 'TCdTSttOS', NULL);
INSERT INTO PROGRAMAS (FK_MODULOS, FK_ROTINAS, PK_PROGRAMAS, FK_RELATORIOS, FK_LINGUAGENS, DSC_PRG, NOM_LIB, FLAG_VIS, FLAG_REL, NOM_FRM, QTD_PARAM) VALUES (16, 1, 5, NULL, 'pt_br', 'Tabela de Tipos de OS', 'SysSrv', 1, 0, 'TCdTipoOS', NULL);
INSERT INTO PROGRAMAS (FK_MODULOS, FK_ROTINAS, PK_PROGRAMAS, FK_RELATORIOS, FK_LINGUAGENS, DSC_PRG, NOM_LIB, FLAG_VIS, FLAG_REL, NOM_FRM, QTD_PARAM) VALUES (16, 2, 1, NULL, 'pt_br', 'Cadastro de Serviços', 'SysEstq', 1, 0, 'TfrmProducts', NULL);
INSERT INTO PROGRAMAS (FK_MODULOS, FK_ROTINAS, PK_PROGRAMAS, FK_RELATORIOS, FK_LINGUAGENS, DSC_PRG, NOM_LIB, FLAG_VIS, FLAG_REL, NOM_FRM, QTD_PARAM) VALUES (16, 3, 1, NULL, 'pt_br', 'Parâmetros do Módulo', 'SysSrv', 1, 0, 'TCdParam', NULL);
INSERT INTO PROGRAMAS (FK_MODULOS, FK_ROTINAS, PK_PROGRAMAS, FK_RELATORIOS, FK_LINGUAGENS, DSC_PRG, NOM_LIB, FLAG_VIS, FLAG_REL, NOM_FRM, QTD_PARAM) VALUES (16, 6, 1, NULL, 'pt_br', 'Manutenção de OS', 'SysSrv', 1, 0, 'TfrmServiceOrder', NULL);
INSERT INTO PROGRAMAS (FK_MODULOS, FK_ROTINAS, PK_PROGRAMAS, FK_RELATORIOS, FK_LINGUAGENS, DSC_PRG, NOM_LIB, FLAG_VIS, FLAG_REL, NOM_FRM, QTD_PARAM) VALUES (16, 6, 2, NULL, 'pt_br', 'Liberação das OS', 'SysSrv', 1, 0, 'TfmChangePgtOS', NULL);
INSERT INTO PROGRAMAS (FK_MODULOS, FK_ROTINAS, PK_PROGRAMAS, FK_RELATORIOS, FK_LINGUAGENS, DSC_PRG, NOM_LIB, FLAG_VIS, FLAG_REL, NOM_FRM, QTD_PARAM) VALUES (16, 6, 3, NULL, 'pt_br', 'Leitura de Arquivos de Retorno', 'SysBr', 1, 0, 'TfrmMvReadTxt', NULL);

COMMIT WORK;

INSERT INTO ACESSOS (FK_OPERADORES, PK_ACESSOS, FK_MODULOS, FK_ROTINAS, FK_PROGRAMAS, FLAG_BRW, FLAG_FND, FLAG_INS, FLAG_UPD, FLAG_DEL, FLAG_VIS) VALUES ('ALCINDO', 1, 1, 1, 4, 1, 1, 1, 1, 1, 1);
INSERT INTO ACESSOS (FK_OPERADORES, PK_ACESSOS, FK_MODULOS, FK_ROTINAS, FK_PROGRAMAS, FLAG_BRW, FLAG_FND, FLAG_INS, FLAG_UPD, FLAG_DEL, FLAG_VIS) VALUES ('ALCINDO', 2, 1, 1, 5, 1, 1, 1, 1, 1, 1);
INSERT INTO ACESSOS (FK_OPERADORES, PK_ACESSOS, FK_MODULOS, FK_ROTINAS, FK_PROGRAMAS, FLAG_BRW, FLAG_FND, FLAG_INS, FLAG_UPD, FLAG_DEL, FLAG_VIS) VALUES ('ALCINDO', 5, 1, 2, 1, 1, 1, 1, 1, 1, 1);
INSERT INTO ACESSOS (FK_OPERADORES, PK_ACESSOS, FK_MODULOS, FK_ROTINAS, FK_PROGRAMAS, FLAG_BRW, FLAG_FND, FLAG_INS, FLAG_UPD, FLAG_DEL, FLAG_VIS) VALUES ('ALCINDO', 6, 1, 2, 2, 1, 1, 1, 1, 1, 1);
INSERT INTO ACESSOS (FK_OPERADORES, PK_ACESSOS, FK_MODULOS, FK_ROTINAS, FK_PROGRAMAS, FLAG_BRW, FLAG_FND, FLAG_INS, FLAG_UPD, FLAG_DEL, FLAG_VIS) VALUES ('ALCINDO', 7, 1, 2, 3, 1, 1, 1, 1, 1, 1);
INSERT INTO ACESSOS (FK_OPERADORES, PK_ACESSOS, FK_MODULOS, FK_ROTINAS, FK_PROGRAMAS, FLAG_BRW, FLAG_FND, FLAG_INS, FLAG_UPD, FLAG_DEL, FLAG_VIS) VALUES ('ALCINDO', 9, 1, 3, 2, 1, 1, 1, 1, 1, 1);
INSERT INTO ACESSOS (FK_OPERADORES, PK_ACESSOS, FK_MODULOS, FK_ROTINAS, FK_PROGRAMAS, FLAG_BRW, FLAG_FND, FLAG_INS, FLAG_UPD, FLAG_DEL, FLAG_VIS) VALUES ('ALCINDO', 10, 1, 4, 1, 1, 1, 1, 1, 1, 1);
INSERT INTO ACESSOS (FK_OPERADORES, PK_ACESSOS, FK_MODULOS, FK_ROTINAS, FK_PROGRAMAS, FLAG_BRW, FLAG_FND, FLAG_INS, FLAG_UPD, FLAG_DEL, FLAG_VIS) VALUES ('ALCINDO', 11, 1, 4, 2, 1, 1, 1, 1, 1, 1);
INSERT INTO ACESSOS (FK_OPERADORES, PK_ACESSOS, FK_MODULOS, FK_ROTINAS, FK_PROGRAMAS, FLAG_BRW, FLAG_FND, FLAG_INS, FLAG_UPD, FLAG_DEL, FLAG_VIS) VALUES ('ALCINDO', 12, 1, 5, 1, 1, 1, 1, 1, 1, 1);
INSERT INTO ACESSOS (FK_OPERADORES, PK_ACESSOS, FK_MODULOS, FK_ROTINAS, FK_PROGRAMAS, FLAG_BRW, FLAG_FND, FLAG_INS, FLAG_UPD, FLAG_DEL, FLAG_VIS) VALUES ('ALCINDO', 13, 1, 7, 1, 1, 1, 1, 1, 1, 1);
INSERT INTO ACESSOS (FK_OPERADORES, PK_ACESSOS, FK_MODULOS, FK_ROTINAS, FK_PROGRAMAS, FLAG_BRW, FLAG_FND, FLAG_INS, FLAG_UPD, FLAG_DEL, FLAG_VIS) VALUES ('ALCINDO', 14, 1, 7, 2, 1, 1, 1, 1, 1, 1);
INSERT INTO ACESSOS (FK_OPERADORES, PK_ACESSOS, FK_MODULOS, FK_ROTINAS, FK_PROGRAMAS, FLAG_BRW, FLAG_FND, FLAG_INS, FLAG_UPD, FLAG_DEL, FLAG_VIS) VALUES ('ALCINDO', 15, 1, 7, 5, 1, 1, 1, 1, 1, 1);
INSERT INTO ACESSOS (FK_OPERADORES, PK_ACESSOS, FK_MODULOS, FK_ROTINAS, FK_PROGRAMAS, FLAG_BRW, FLAG_FND, FLAG_INS, FLAG_UPD, FLAG_DEL, FLAG_VIS) VALUES ('ALCINDO', 16, 1, 7, 10, 1, 1, 1, 1, 1, 1);
INSERT INTO ACESSOS (FK_OPERADORES, PK_ACESSOS, FK_MODULOS, FK_ROTINAS, FK_PROGRAMAS, FLAG_BRW, FLAG_FND, FLAG_INS, FLAG_UPD, FLAG_DEL, FLAG_VIS) VALUES ('ALCINDO', 17, 2, 1, 1, 1, 1, 1, 1, 1, 1);
INSERT INTO ACESSOS (FK_OPERADORES, PK_ACESSOS, FK_MODULOS, FK_ROTINAS, FK_PROGRAMAS, FLAG_BRW, FLAG_FND, FLAG_INS, FLAG_UPD, FLAG_DEL, FLAG_VIS) VALUES ('ALCINDO', 18, 2, 1, 2, 1, 1, 1, 1, 1, 1);
INSERT INTO ACESSOS (FK_OPERADORES, PK_ACESSOS, FK_MODULOS, FK_ROTINAS, FK_PROGRAMAS, FLAG_BRW, FLAG_FND, FLAG_INS, FLAG_UPD, FLAG_DEL, FLAG_VIS) VALUES ('ALCINDO', 19, 2, 1, 3, 1, 1, 1, 1, 1, 1);
INSERT INTO ACESSOS (FK_OPERADORES, PK_ACESSOS, FK_MODULOS, FK_ROTINAS, FK_PROGRAMAS, FLAG_BRW, FLAG_FND, FLAG_INS, FLAG_UPD, FLAG_DEL, FLAG_VIS) VALUES ('ALCINDO', 20, 2, 1, 4, 1, 1, 1, 1, 1, 1);
INSERT INTO ACESSOS (FK_OPERADORES, PK_ACESSOS, FK_MODULOS, FK_ROTINAS, FK_PROGRAMAS, FLAG_BRW, FLAG_FND, FLAG_INS, FLAG_UPD, FLAG_DEL, FLAG_VIS) VALUES ('ALCINDO', 21, 2, 1, 5, 1, 1, 1, 1, 1, 1);
INSERT INTO ACESSOS (FK_OPERADORES, PK_ACESSOS, FK_MODULOS, FK_ROTINAS, FK_PROGRAMAS, FLAG_BRW, FLAG_FND, FLAG_INS, FLAG_UPD, FLAG_DEL, FLAG_VIS) VALUES ('ALCINDO', 22, 2, 1, 6, 1, 1, 1, 1, 1, 1);
INSERT INTO ACESSOS (FK_OPERADORES, PK_ACESSOS, FK_MODULOS, FK_ROTINAS, FK_PROGRAMAS, FLAG_BRW, FLAG_FND, FLAG_INS, FLAG_UPD, FLAG_DEL, FLAG_VIS) VALUES ('ALCINDO', 23, 2, 1, 7, 1, 1, 1, 1, 1, 1);
INSERT INTO ACESSOS (FK_OPERADORES, PK_ACESSOS, FK_MODULOS, FK_ROTINAS, FK_PROGRAMAS, FLAG_BRW, FLAG_FND, FLAG_INS, FLAG_UPD, FLAG_DEL, FLAG_VIS) VALUES ('ALCINDO', 24, 2, 1, 8, 1, 1, 1, 1, 1, 1);
INSERT INTO ACESSOS (FK_OPERADORES, PK_ACESSOS, FK_MODULOS, FK_ROTINAS, FK_PROGRAMAS, FLAG_BRW, FLAG_FND, FLAG_INS, FLAG_UPD, FLAG_DEL, FLAG_VIS) VALUES ('ALCINDO', 25, 2, 1, 9, 1, 1, 1, 1, 1, 1);
INSERT INTO ACESSOS (FK_OPERADORES, PK_ACESSOS, FK_MODULOS, FK_ROTINAS, FK_PROGRAMAS, FLAG_BRW, FLAG_FND, FLAG_INS, FLAG_UPD, FLAG_DEL, FLAG_VIS) VALUES ('ALCINDO', 26, 2, 2, 1, 1, 1, 1, 1, 1, 1);
INSERT INTO ACESSOS (FK_OPERADORES, PK_ACESSOS, FK_MODULOS, FK_ROTINAS, FK_PROGRAMAS, FLAG_BRW, FLAG_FND, FLAG_INS, FLAG_UPD, FLAG_DEL, FLAG_VIS) VALUES ('ALCINDO', 27, 2, 2, 2, 1, 1, 1, 1, 1, 1);
INSERT INTO ACESSOS (FK_OPERADORES, PK_ACESSOS, FK_MODULOS, FK_ROTINAS, FK_PROGRAMAS, FLAG_BRW, FLAG_FND, FLAG_INS, FLAG_UPD, FLAG_DEL, FLAG_VIS) VALUES ('ALCINDO', 28, 2, 2, 3, 1, 1, 1, 1, 1, 1);
INSERT INTO ACESSOS (FK_OPERADORES, PK_ACESSOS, FK_MODULOS, FK_ROTINAS, FK_PROGRAMAS, FLAG_BRW, FLAG_FND, FLAG_INS, FLAG_UPD, FLAG_DEL, FLAG_VIS) VALUES ('ALCINDO', 29, 2, 2, 4, 1, 1, 1, 1, 1, 1);
INSERT INTO ACESSOS (FK_OPERADORES, PK_ACESSOS, FK_MODULOS, FK_ROTINAS, FK_PROGRAMAS, FLAG_BRW, FLAG_FND, FLAG_INS, FLAG_UPD, FLAG_DEL, FLAG_VIS) VALUES ('ALCINDO', 30, 4, 1, 1, 1, 1, 1, 1, 1, 1);
INSERT INTO ACESSOS (FK_OPERADORES, PK_ACESSOS, FK_MODULOS, FK_ROTINAS, FK_PROGRAMAS, FLAG_BRW, FLAG_FND, FLAG_INS, FLAG_UPD, FLAG_DEL, FLAG_VIS) VALUES ('ALCINDO', 32, 4, 1, 3, 1, 1, 1, 1, 1, 1);
INSERT INTO ACESSOS (FK_OPERADORES, PK_ACESSOS, FK_MODULOS, FK_ROTINAS, FK_PROGRAMAS, FLAG_BRW, FLAG_FND, FLAG_INS, FLAG_UPD, FLAG_DEL, FLAG_VIS) VALUES ('ALCINDO', 33, 4, 1, 4, 1, 1, 1, 1, 1, 1);
INSERT INTO ACESSOS (FK_OPERADORES, PK_ACESSOS, FK_MODULOS, FK_ROTINAS, FK_PROGRAMAS, FLAG_BRW, FLAG_FND, FLAG_INS, FLAG_UPD, FLAG_DEL, FLAG_VIS) VALUES ('ALCINDO', 94, 4, 1, 5, 1, 1, 1, 1, 1, 1);
INSERT INTO ACESSOS (FK_OPERADORES, PK_ACESSOS, FK_MODULOS, FK_ROTINAS, FK_PROGRAMAS, FLAG_BRW, FLAG_FND, FLAG_INS, FLAG_UPD, FLAG_DEL, FLAG_VIS) VALUES ('ALCINDO', 93, 4, 2, 1, 1, 1, 1, 1, 1, 1);
INSERT INTO ACESSOS (FK_OPERADORES, PK_ACESSOS, FK_MODULOS, FK_ROTINAS, FK_PROGRAMAS, FLAG_BRW, FLAG_FND, FLAG_INS, FLAG_UPD, FLAG_DEL, FLAG_VIS) VALUES ('ALCINDO', 35, 5, 1, 3, 1, 1, 1, 1, 1, 1);
INSERT INTO ACESSOS (FK_OPERADORES, PK_ACESSOS, FK_MODULOS, FK_ROTINAS, FK_PROGRAMAS, FLAG_BRW, FLAG_FND, FLAG_INS, FLAG_UPD, FLAG_DEL, FLAG_VIS) VALUES ('ALCINDO', 37, 5, 1, 5, 1, 1, 1, 1, 1, 1);
INSERT INTO ACESSOS (FK_OPERADORES, PK_ACESSOS, FK_MODULOS, FK_ROTINAS, FK_PROGRAMAS, FLAG_BRW, FLAG_FND, FLAG_INS, FLAG_UPD, FLAG_DEL, FLAG_VIS) VALUES ('ALCINDO', 38, 5, 1, 6, 1, 1, 1, 1, 1, 1);
INSERT INTO ACESSOS (FK_OPERADORES, PK_ACESSOS, FK_MODULOS, FK_ROTINAS, FK_PROGRAMAS, FLAG_BRW, FLAG_FND, FLAG_INS, FLAG_UPD, FLAG_DEL, FLAG_VIS) VALUES ('ALCINDO', 39, 5, 1, 7, 1, 1, 1, 1, 1, 1);
INSERT INTO ACESSOS (FK_OPERADORES, PK_ACESSOS, FK_MODULOS, FK_ROTINAS, FK_PROGRAMAS, FLAG_BRW, FLAG_FND, FLAG_INS, FLAG_UPD, FLAG_DEL, FLAG_VIS) VALUES ('ALCINDO', 40, 5, 1, 8, 1, 1, 1, 1, 1, 1);
INSERT INTO ACESSOS (FK_OPERADORES, PK_ACESSOS, FK_MODULOS, FK_ROTINAS, FK_PROGRAMAS, FLAG_BRW, FLAG_FND, FLAG_INS, FLAG_UPD, FLAG_DEL, FLAG_VIS) VALUES ('ALCINDO', 41, 5, 1, 10, 1, 1, 1, 1, 1, 1);
INSERT INTO ACESSOS (FK_OPERADORES, PK_ACESSOS, FK_MODULOS, FK_ROTINAS, FK_PROGRAMAS, FLAG_BRW, FLAG_FND, FLAG_INS, FLAG_UPD, FLAG_DEL, FLAG_VIS) VALUES ('ALCINDO', 43, 5, 1, 17, 1, 1, 1, 1, 1, 1);
INSERT INTO ACESSOS (FK_OPERADORES, PK_ACESSOS, FK_MODULOS, FK_ROTINAS, FK_PROGRAMAS, FLAG_BRW, FLAG_FND, FLAG_INS, FLAG_UPD, FLAG_DEL, FLAG_VIS) VALUES ('ALCINDO', 44, 5, 1, 19, 1, 1, 1, 1, 1, 1);
INSERT INTO ACESSOS (FK_OPERADORES, PK_ACESSOS, FK_MODULOS, FK_ROTINAS, FK_PROGRAMAS, FLAG_BRW, FLAG_FND, FLAG_INS, FLAG_UPD, FLAG_DEL, FLAG_VIS) VALUES ('ALCINDO', 45, 5, 1, 20, 1, 1, 1, 1, 1, 1);
INSERT INTO ACESSOS (FK_OPERADORES, PK_ACESSOS, FK_MODULOS, FK_ROTINAS, FK_PROGRAMAS, FLAG_BRW, FLAG_FND, FLAG_INS, FLAG_UPD, FLAG_DEL, FLAG_VIS) VALUES ('ALCINDO', 86, 5, 1, 21, 1, 1, 1, 1, 1, 1);
INSERT INTO ACESSOS (FK_OPERADORES, PK_ACESSOS, FK_MODULOS, FK_ROTINAS, FK_PROGRAMAS, FLAG_BRW, FLAG_FND, FLAG_INS, FLAG_UPD, FLAG_DEL, FLAG_VIS) VALUES ('ALCINDO', 46, 5, 2, 1, 1, 1, 1, 1, 1, 1);
INSERT INTO ACESSOS (FK_OPERADORES, PK_ACESSOS, FK_MODULOS, FK_ROTINAS, FK_PROGRAMAS, FLAG_BRW, FLAG_FND, FLAG_INS, FLAG_UPD, FLAG_DEL, FLAG_VIS) VALUES ('ALCINDO', 47, 5, 2, 2, 1, 1, 1, 1, 1, 1);
INSERT INTO ACESSOS (FK_OPERADORES, PK_ACESSOS, FK_MODULOS, FK_ROTINAS, FK_PROGRAMAS, FLAG_BRW, FLAG_FND, FLAG_INS, FLAG_UPD, FLAG_DEL, FLAG_VIS) VALUES ('ALCINDO', 48, 5, 2, 3, 1, 1, 1, 1, 1, 1);
INSERT INTO ACESSOS (FK_OPERADORES, PK_ACESSOS, FK_MODULOS, FK_ROTINAS, FK_PROGRAMAS, FLAG_BRW, FLAG_FND, FLAG_INS, FLAG_UPD, FLAG_DEL, FLAG_VIS) VALUES ('ALCINDO', 49, 5, 2, 4, 1, 1, 1, 1, 1, 1);
INSERT INTO ACESSOS (FK_OPERADORES, PK_ACESSOS, FK_MODULOS, FK_ROTINAS, FK_PROGRAMAS, FLAG_BRW, FLAG_FND, FLAG_INS, FLAG_UPD, FLAG_DEL, FLAG_VIS) VALUES ('ALCINDO', 50, 5, 2, 5, 1, 1, 1, 1, 1, 1);
INSERT INTO ACESSOS (FK_OPERADORES, PK_ACESSOS, FK_MODULOS, FK_ROTINAS, FK_PROGRAMAS, FLAG_BRW, FLAG_FND, FLAG_INS, FLAG_UPD, FLAG_DEL, FLAG_VIS) VALUES ('ALCINDO', 51, 5, 2, 6, 1, 1, 1, 1, 1, 1);
INSERT INTO ACESSOS (FK_OPERADORES, PK_ACESSOS, FK_MODULOS, FK_ROTINAS, FK_PROGRAMAS, FLAG_BRW, FLAG_FND, FLAG_INS, FLAG_UPD, FLAG_DEL, FLAG_VIS) VALUES ('ALCINDO', 52, 5, 4, 1, 1, 1, 1, 1, 1, 1);
INSERT INTO ACESSOS (FK_OPERADORES, PK_ACESSOS, FK_MODULOS, FK_ROTINAS, FK_PROGRAMAS, FLAG_BRW, FLAG_FND, FLAG_INS, FLAG_UPD, FLAG_DEL, FLAG_VIS) VALUES ('ALCINDO', 53, 5, 4, 2, 1, 1, 1, 1, 1, 1);
INSERT INTO ACESSOS (FK_OPERADORES, PK_ACESSOS, FK_MODULOS, FK_ROTINAS, FK_PROGRAMAS, FLAG_BRW, FLAG_FND, FLAG_INS, FLAG_UPD, FLAG_DEL, FLAG_VIS) VALUES ('ALCINDO', 54, 5, 4, 3, 1, 1, 1, 1, 1, 1);
INSERT INTO ACESSOS (FK_OPERADORES, PK_ACESSOS, FK_MODULOS, FK_ROTINAS, FK_PROGRAMAS, FLAG_BRW, FLAG_FND, FLAG_INS, FLAG_UPD, FLAG_DEL, FLAG_VIS) VALUES ('ALCINDO', 55, 5, 6, 1, 1, 1, 1, 1, 1, 1);
INSERT INTO ACESSOS (FK_OPERADORES, PK_ACESSOS, FK_MODULOS, FK_ROTINAS, FK_PROGRAMAS, FLAG_BRW, FLAG_FND, FLAG_INS, FLAG_UPD, FLAG_DEL, FLAG_VIS) VALUES ('ALCINDO', 88, 5, 6, 2, 1, 1, 1, 1, 1, 1);
INSERT INTO ACESSOS (FK_OPERADORES, PK_ACESSOS, FK_MODULOS, FK_ROTINAS, FK_PROGRAMAS, FLAG_BRW, FLAG_FND, FLAG_INS, FLAG_UPD, FLAG_DEL, FLAG_VIS) VALUES ('ALCINDO', 89, 5, 6, 3, 1, 1, 1, 1, 1, 1);
INSERT INTO ACESSOS (FK_OPERADORES, PK_ACESSOS, FK_MODULOS, FK_ROTINAS, FK_PROGRAMAS, FLAG_BRW, FLAG_FND, FLAG_INS, FLAG_UPD, FLAG_DEL, FLAG_VIS) VALUES ('ALCINDO', 56, 6, 1, 1, 1, 1, 1, 1, 1, 1);
INSERT INTO ACESSOS (FK_OPERADORES, PK_ACESSOS, FK_MODULOS, FK_ROTINAS, FK_PROGRAMAS, FLAG_BRW, FLAG_FND, FLAG_INS, FLAG_UPD, FLAG_DEL, FLAG_VIS) VALUES ('ALCINDO', 57, 6, 1, 2, 1, 1, 1, 1, 1, 1);
INSERT INTO ACESSOS (FK_OPERADORES, PK_ACESSOS, FK_MODULOS, FK_ROTINAS, FK_PROGRAMAS, FLAG_BRW, FLAG_FND, FLAG_INS, FLAG_UPD, FLAG_DEL, FLAG_VIS) VALUES ('ALCINDO', 58, 6, 1, 3, 1, 1, 1, 1, 1, 1);
INSERT INTO ACESSOS (FK_OPERADORES, PK_ACESSOS, FK_MODULOS, FK_ROTINAS, FK_PROGRAMAS, FLAG_BRW, FLAG_FND, FLAG_INS, FLAG_UPD, FLAG_DEL, FLAG_VIS) VALUES ('ALCINDO', 59, 6, 7, 1, 1, 1, 1, 1, 1, 1);
INSERT INTO ACESSOS (FK_OPERADORES, PK_ACESSOS, FK_MODULOS, FK_ROTINAS, FK_PROGRAMAS, FLAG_BRW, FLAG_FND, FLAG_INS, FLAG_UPD, FLAG_DEL, FLAG_VIS) VALUES ('ALCINDO', 60, 8, 2, 2, 1, 1, 1, 1, 1, 1);
INSERT INTO ACESSOS (FK_OPERADORES, PK_ACESSOS, FK_MODULOS, FK_ROTINAS, FK_PROGRAMAS, FLAG_BRW, FLAG_FND, FLAG_INS, FLAG_UPD, FLAG_DEL, FLAG_VIS) VALUES ('ALCINDO', 65, 10, 1, 5, 1, 1, 1, 1, 1, 1);
INSERT INTO ACESSOS (FK_OPERADORES, PK_ACESSOS, FK_MODULOS, FK_ROTINAS, FK_PROGRAMAS, FLAG_BRW, FLAG_FND, FLAG_INS, FLAG_UPD, FLAG_DEL, FLAG_VIS) VALUES ('ALCINDO', 67, 10, 1, 7, 1, 1, 1, 1, 1, 1);
INSERT INTO ACESSOS (FK_OPERADORES, PK_ACESSOS, FK_MODULOS, FK_ROTINAS, FK_PROGRAMAS, FLAG_BRW, FLAG_FND, FLAG_INS, FLAG_UPD, FLAG_DEL, FLAG_VIS) VALUES ('ALCINDO', 68, 10, 1, 8, 1, 1, 1, 1, 1, 1);
INSERT INTO ACESSOS (FK_OPERADORES, PK_ACESSOS, FK_MODULOS, FK_ROTINAS, FK_PROGRAMAS, FLAG_BRW, FLAG_FND, FLAG_INS, FLAG_UPD, FLAG_DEL, FLAG_VIS) VALUES ('ALCINDO', 87, 10, 1, 9, 1, 1, 1, 1, 1, 1);
INSERT INTO ACESSOS (FK_OPERADORES, PK_ACESSOS, FK_MODULOS, FK_ROTINAS, FK_PROGRAMAS, FLAG_BRW, FLAG_FND, FLAG_INS, FLAG_UPD, FLAG_DEL, FLAG_VIS) VALUES ('ALCINDO', 69, 10, 6, 1, 1, 1, 1, 1, 1, 1);
INSERT INTO ACESSOS (FK_OPERADORES, PK_ACESSOS, FK_MODULOS, FK_ROTINAS, FK_PROGRAMAS, FLAG_BRW, FLAG_FND, FLAG_INS, FLAG_UPD, FLAG_DEL, FLAG_VIS) VALUES ('ALCINDO', 90, 10, 6, 2, 1, 1, 1, 1, 1, 1);
INSERT INTO ACESSOS (FK_OPERADORES, PK_ACESSOS, FK_MODULOS, FK_ROTINAS, FK_PROGRAMAS, FLAG_BRW, FLAG_FND, FLAG_INS, FLAG_UPD, FLAG_DEL, FLAG_VIS) VALUES ('ALCINDO', 70, 12, 1, 1, 1, 1, 1, 1, 1, 1);
INSERT INTO ACESSOS (FK_OPERADORES, PK_ACESSOS, FK_MODULOS, FK_ROTINAS, FK_PROGRAMAS, FLAG_BRW, FLAG_FND, FLAG_INS, FLAG_UPD, FLAG_DEL, FLAG_VIS) VALUES ('ALCINDO', 71, 12, 1, 2, 1, 1, 1, 1, 1, 1);
INSERT INTO ACESSOS (FK_OPERADORES, PK_ACESSOS, FK_MODULOS, FK_ROTINAS, FK_PROGRAMAS, FLAG_BRW, FLAG_FND, FLAG_INS, FLAG_UPD, FLAG_DEL, FLAG_VIS) VALUES ('ALCINDO', 92, 12, 1, 3, 1, 1, 1, 1, 1, 1);
INSERT INTO ACESSOS (FK_OPERADORES, PK_ACESSOS, FK_MODULOS, FK_ROTINAS, FK_PROGRAMAS, FLAG_BRW, FLAG_FND, FLAG_INS, FLAG_UPD, FLAG_DEL, FLAG_VIS) VALUES ('ALCINDO', 72, 12, 2, 1, 1, 1, 1, 1, 1, 1);
INSERT INTO ACESSOS (FK_OPERADORES, PK_ACESSOS, FK_MODULOS, FK_ROTINAS, FK_PROGRAMAS, FLAG_BRW, FLAG_FND, FLAG_INS, FLAG_UPD, FLAG_DEL, FLAG_VIS) VALUES ('ALCINDO', 73, 15, 1, 1, 1, 1, 1, 1, 1, 1);
INSERT INTO ACESSOS (FK_OPERADORES, PK_ACESSOS, FK_MODULOS, FK_ROTINAS, FK_PROGRAMAS, FLAG_BRW, FLAG_FND, FLAG_INS, FLAG_UPD, FLAG_DEL, FLAG_VIS) VALUES ('ALCINDO', 74, 15, 1, 2, 1, 1, 1, 1, 1, 1);
INSERT INTO ACESSOS (FK_OPERADORES, PK_ACESSOS, FK_MODULOS, FK_ROTINAS, FK_PROGRAMAS, FLAG_BRW, FLAG_FND, FLAG_INS, FLAG_UPD, FLAG_DEL, FLAG_VIS) VALUES ('ALCINDO', 91, 15, 1, 3, 1, 1, 1, 1, 1, 1);
INSERT INTO ACESSOS (FK_OPERADORES, PK_ACESSOS, FK_MODULOS, FK_ROTINAS, FK_PROGRAMAS, FLAG_BRW, FLAG_FND, FLAG_INS, FLAG_UPD, FLAG_DEL, FLAG_VIS) VALUES ('ALCINDO', 75, 15, 6, 1, 1, 1, 1, 1, 1, 1);
INSERT INTO ACESSOS (FK_OPERADORES, PK_ACESSOS, FK_MODULOS, FK_ROTINAS, FK_PROGRAMAS, FLAG_BRW, FLAG_FND, FLAG_INS, FLAG_UPD, FLAG_DEL, FLAG_VIS) VALUES ('ALCINDO', 76, 16, 1, 1, 1, 1, 1, 1, 1, 1);
INSERT INTO ACESSOS (FK_OPERADORES, PK_ACESSOS, FK_MODULOS, FK_ROTINAS, FK_PROGRAMAS, FLAG_BRW, FLAG_FND, FLAG_INS, FLAG_UPD, FLAG_DEL, FLAG_VIS) VALUES ('ALCINDO', 77, 16, 1, 2, 1, 1, 1, 1, 1, 1);
INSERT INTO ACESSOS (FK_OPERADORES, PK_ACESSOS, FK_MODULOS, FK_ROTINAS, FK_PROGRAMAS, FLAG_BRW, FLAG_FND, FLAG_INS, FLAG_UPD, FLAG_DEL, FLAG_VIS) VALUES ('ALCINDO', 78, 16, 1, 3, 1, 1, 1, 1, 1, 1);
INSERT INTO ACESSOS (FK_OPERADORES, PK_ACESSOS, FK_MODULOS, FK_ROTINAS, FK_PROGRAMAS, FLAG_BRW, FLAG_FND, FLAG_INS, FLAG_UPD, FLAG_DEL, FLAG_VIS) VALUES ('ALCINDO', 79, 16, 1, 4, 1, 1, 1, 1, 1, 1);
INSERT INTO ACESSOS (FK_OPERADORES, PK_ACESSOS, FK_MODULOS, FK_ROTINAS, FK_PROGRAMAS, FLAG_BRW, FLAG_FND, FLAG_INS, FLAG_UPD, FLAG_DEL, FLAG_VIS) VALUES ('ALCINDO', 80, 16, 1, 5, 1, 1, 1, 1, 1, 1);
INSERT INTO ACESSOS (FK_OPERADORES, PK_ACESSOS, FK_MODULOS, FK_ROTINAS, FK_PROGRAMAS, FLAG_BRW, FLAG_FND, FLAG_INS, FLAG_UPD, FLAG_DEL, FLAG_VIS) VALUES ('ALCINDO', 81, 16, 2, 1, 1, 1, 1, 1, 1, 1);
INSERT INTO ACESSOS (FK_OPERADORES, PK_ACESSOS, FK_MODULOS, FK_ROTINAS, FK_PROGRAMAS, FLAG_BRW, FLAG_FND, FLAG_INS, FLAG_UPD, FLAG_DEL, FLAG_VIS) VALUES ('ALCINDO', 82, 16, 3, 1, 1, 1, 1, 1, 1, 1);
INSERT INTO ACESSOS (FK_OPERADORES, PK_ACESSOS, FK_MODULOS, FK_ROTINAS, FK_PROGRAMAS, FLAG_BRW, FLAG_FND, FLAG_INS, FLAG_UPD, FLAG_DEL, FLAG_VIS) VALUES ('ALCINDO', 83, 16, 6, 1, 1, 1, 1, 1, 1, 1);
INSERT INTO ACESSOS (FK_OPERADORES, PK_ACESSOS, FK_MODULOS, FK_ROTINAS, FK_PROGRAMAS, FLAG_BRW, FLAG_FND, FLAG_INS, FLAG_UPD, FLAG_DEL, FLAG_VIS) VALUES ('ALCINDO', 84, 16, 6, 2, 1, 1, 1, 1, 1, 1);
INSERT INTO ACESSOS (FK_OPERADORES, PK_ACESSOS, FK_MODULOS, FK_ROTINAS, FK_PROGRAMAS, FLAG_BRW, FLAG_FND, FLAG_INS, FLAG_UPD, FLAG_DEL, FLAG_VIS) VALUES ('ALCINDO', 85, 16, 6, 3, 1, 1, 1, 1, 1, 1);

COMMIT WORK;

INSERT INTO ACESSOS (FK_OPERADORES, PK_ACESSOS, FK_MODULOS, FK_ROTINAS, FK_PROGRAMAS, FLAG_BRW, FLAG_FND, FLAG_INS, FLAG_UPD, FLAG_DEL, FLAG_VIS) VALUES ('SYSDBA', 1, 1, 1, 4, 1, 1, 1, 1, 1, 1);
INSERT INTO ACESSOS (FK_OPERADORES, PK_ACESSOS, FK_MODULOS, FK_ROTINAS, FK_PROGRAMAS, FLAG_BRW, FLAG_FND, FLAG_INS, FLAG_UPD, FLAG_DEL, FLAG_VIS) VALUES ('SYSDBA', 2, 1, 1, 5, 1, 1, 1, 1, 1, 1);
INSERT INTO ACESSOS (FK_OPERADORES, PK_ACESSOS, FK_MODULOS, FK_ROTINAS, FK_PROGRAMAS, FLAG_BRW, FLAG_FND, FLAG_INS, FLAG_UPD, FLAG_DEL, FLAG_VIS) VALUES ('SYSDBA', 5, 1, 2, 1, 1, 1, 1, 1, 1, 1);
INSERT INTO ACESSOS (FK_OPERADORES, PK_ACESSOS, FK_MODULOS, FK_ROTINAS, FK_PROGRAMAS, FLAG_BRW, FLAG_FND, FLAG_INS, FLAG_UPD, FLAG_DEL, FLAG_VIS) VALUES ('SYSDBA', 6, 1, 2, 2, 1, 1, 1, 1, 1, 1);
INSERT INTO ACESSOS (FK_OPERADORES, PK_ACESSOS, FK_MODULOS, FK_ROTINAS, FK_PROGRAMAS, FLAG_BRW, FLAG_FND, FLAG_INS, FLAG_UPD, FLAG_DEL, FLAG_VIS) VALUES ('SYSDBA', 7, 1, 2, 3, 1, 1, 1, 1, 1, 1);
INSERT INTO ACESSOS (FK_OPERADORES, PK_ACESSOS, FK_MODULOS, FK_ROTINAS, FK_PROGRAMAS, FLAG_BRW, FLAG_FND, FLAG_INS, FLAG_UPD, FLAG_DEL, FLAG_VIS) VALUES ('SYSDBA', 9, 1, 3, 2, 1, 1, 1, 1, 1, 1);
INSERT INTO ACESSOS (FK_OPERADORES, PK_ACESSOS, FK_MODULOS, FK_ROTINAS, FK_PROGRAMAS, FLAG_BRW, FLAG_FND, FLAG_INS, FLAG_UPD, FLAG_DEL, FLAG_VIS) VALUES ('SYSDBA', 10, 1, 4, 1, 1, 1, 1, 1, 1, 1);
INSERT INTO ACESSOS (FK_OPERADORES, PK_ACESSOS, FK_MODULOS, FK_ROTINAS, FK_PROGRAMAS, FLAG_BRW, FLAG_FND, FLAG_INS, FLAG_UPD, FLAG_DEL, FLAG_VIS) VALUES ('SYSDBA', 11, 1, 4, 2, 1, 1, 1, 1, 1, 1);
INSERT INTO ACESSOS (FK_OPERADORES, PK_ACESSOS, FK_MODULOS, FK_ROTINAS, FK_PROGRAMAS, FLAG_BRW, FLAG_FND, FLAG_INS, FLAG_UPD, FLAG_DEL, FLAG_VIS) VALUES ('SYSDBA', 12, 1, 5, 1, 1, 1, 1, 1, 1, 1);
INSERT INTO ACESSOS (FK_OPERADORES, PK_ACESSOS, FK_MODULOS, FK_ROTINAS, FK_PROGRAMAS, FLAG_BRW, FLAG_FND, FLAG_INS, FLAG_UPD, FLAG_DEL, FLAG_VIS) VALUES ('SYSDBA', 13, 1, 7, 1, 1, 1, 1, 1, 1, 1);
INSERT INTO ACESSOS (FK_OPERADORES, PK_ACESSOS, FK_MODULOS, FK_ROTINAS, FK_PROGRAMAS, FLAG_BRW, FLAG_FND, FLAG_INS, FLAG_UPD, FLAG_DEL, FLAG_VIS) VALUES ('SYSDBA', 14, 1, 7, 2, 1, 1, 1, 1, 1, 1);
INSERT INTO ACESSOS (FK_OPERADORES, PK_ACESSOS, FK_MODULOS, FK_ROTINAS, FK_PROGRAMAS, FLAG_BRW, FLAG_FND, FLAG_INS, FLAG_UPD, FLAG_DEL, FLAG_VIS) VALUES ('SYSDBA', 15, 1, 7, 5, 1, 1, 1, 1, 1, 1);
INSERT INTO ACESSOS (FK_OPERADORES, PK_ACESSOS, FK_MODULOS, FK_ROTINAS, FK_PROGRAMAS, FLAG_BRW, FLAG_FND, FLAG_INS, FLAG_UPD, FLAG_DEL, FLAG_VIS) VALUES ('SYSDBA', 16, 1, 7, 10, 1, 1, 1, 1, 1, 1);
INSERT INTO ACESSOS (FK_OPERADORES, PK_ACESSOS, FK_MODULOS, FK_ROTINAS, FK_PROGRAMAS, FLAG_BRW, FLAG_FND, FLAG_INS, FLAG_UPD, FLAG_DEL, FLAG_VIS) VALUES ('SYSDBA', 17, 2, 1, 1, 1, 1, 1, 1, 1, 1);
INSERT INTO ACESSOS (FK_OPERADORES, PK_ACESSOS, FK_MODULOS, FK_ROTINAS, FK_PROGRAMAS, FLAG_BRW, FLAG_FND, FLAG_INS, FLAG_UPD, FLAG_DEL, FLAG_VIS) VALUES ('SYSDBA', 18, 2, 1, 2, 1, 1, 1, 1, 1, 1);
INSERT INTO ACESSOS (FK_OPERADORES, PK_ACESSOS, FK_MODULOS, FK_ROTINAS, FK_PROGRAMAS, FLAG_BRW, FLAG_FND, FLAG_INS, FLAG_UPD, FLAG_DEL, FLAG_VIS) VALUES ('SYSDBA', 19, 2, 1, 3, 1, 1, 1, 1, 1, 1);
INSERT INTO ACESSOS (FK_OPERADORES, PK_ACESSOS, FK_MODULOS, FK_ROTINAS, FK_PROGRAMAS, FLAG_BRW, FLAG_FND, FLAG_INS, FLAG_UPD, FLAG_DEL, FLAG_VIS) VALUES ('SYSDBA', 20, 2, 1, 4, 1, 1, 1, 1, 1, 1);
INSERT INTO ACESSOS (FK_OPERADORES, PK_ACESSOS, FK_MODULOS, FK_ROTINAS, FK_PROGRAMAS, FLAG_BRW, FLAG_FND, FLAG_INS, FLAG_UPD, FLAG_DEL, FLAG_VIS) VALUES ('SYSDBA', 21, 2, 1, 5, 1, 1, 1, 1, 1, 1);
INSERT INTO ACESSOS (FK_OPERADORES, PK_ACESSOS, FK_MODULOS, FK_ROTINAS, FK_PROGRAMAS, FLAG_BRW, FLAG_FND, FLAG_INS, FLAG_UPD, FLAG_DEL, FLAG_VIS) VALUES ('SYSDBA', 22, 2, 1, 6, 1, 1, 1, 1, 1, 1);
INSERT INTO ACESSOS (FK_OPERADORES, PK_ACESSOS, FK_MODULOS, FK_ROTINAS, FK_PROGRAMAS, FLAG_BRW, FLAG_FND, FLAG_INS, FLAG_UPD, FLAG_DEL, FLAG_VIS) VALUES ('SYSDBA', 23, 2, 1, 7, 1, 1, 1, 1, 1, 1);
INSERT INTO ACESSOS (FK_OPERADORES, PK_ACESSOS, FK_MODULOS, FK_ROTINAS, FK_PROGRAMAS, FLAG_BRW, FLAG_FND, FLAG_INS, FLAG_UPD, FLAG_DEL, FLAG_VIS) VALUES ('SYSDBA', 24, 2, 1, 8, 1, 1, 1, 1, 1, 1);
INSERT INTO ACESSOS (FK_OPERADORES, PK_ACESSOS, FK_MODULOS, FK_ROTINAS, FK_PROGRAMAS, FLAG_BRW, FLAG_FND, FLAG_INS, FLAG_UPD, FLAG_DEL, FLAG_VIS) VALUES ('SYSDBA', 25, 2, 1, 9, 1, 1, 1, 1, 1, 1);
INSERT INTO ACESSOS (FK_OPERADORES, PK_ACESSOS, FK_MODULOS, FK_ROTINAS, FK_PROGRAMAS, FLAG_BRW, FLAG_FND, FLAG_INS, FLAG_UPD, FLAG_DEL, FLAG_VIS) VALUES ('SYSDBA', 26, 2, 2, 1, 1, 1, 1, 1, 1, 1);
INSERT INTO ACESSOS (FK_OPERADORES, PK_ACESSOS, FK_MODULOS, FK_ROTINAS, FK_PROGRAMAS, FLAG_BRW, FLAG_FND, FLAG_INS, FLAG_UPD, FLAG_DEL, FLAG_VIS) VALUES ('SYSDBA', 27, 2, 2, 2, 1, 1, 1, 1, 1, 1);
INSERT INTO ACESSOS (FK_OPERADORES, PK_ACESSOS, FK_MODULOS, FK_ROTINAS, FK_PROGRAMAS, FLAG_BRW, FLAG_FND, FLAG_INS, FLAG_UPD, FLAG_DEL, FLAG_VIS) VALUES ('SYSDBA', 28, 2, 2, 3, 1, 1, 1, 1, 1, 1);
INSERT INTO ACESSOS (FK_OPERADORES, PK_ACESSOS, FK_MODULOS, FK_ROTINAS, FK_PROGRAMAS, FLAG_BRW, FLAG_FND, FLAG_INS, FLAG_UPD, FLAG_DEL, FLAG_VIS) VALUES ('SYSDBA', 29, 2, 2, 4, 1, 1, 1, 1, 1, 1);
INSERT INTO ACESSOS (FK_OPERADORES, PK_ACESSOS, FK_MODULOS, FK_ROTINAS, FK_PROGRAMAS, FLAG_BRW, FLAG_FND, FLAG_INS, FLAG_UPD, FLAG_DEL, FLAG_VIS) VALUES ('SYSDBA', 30, 4, 1, 1, 1, 1, 1, 1, 1, 1);
INSERT INTO ACESSOS (FK_OPERADORES, PK_ACESSOS, FK_MODULOS, FK_ROTINAS, FK_PROGRAMAS, FLAG_BRW, FLAG_FND, FLAG_INS, FLAG_UPD, FLAG_DEL, FLAG_VIS) VALUES ('SYSDBA', 32, 4, 1, 3, 1, 1, 1, 1, 1, 1);
INSERT INTO ACESSOS (FK_OPERADORES, PK_ACESSOS, FK_MODULOS, FK_ROTINAS, FK_PROGRAMAS, FLAG_BRW, FLAG_FND, FLAG_INS, FLAG_UPD, FLAG_DEL, FLAG_VIS) VALUES ('SYSDBA', 33, 4, 1, 4, 1, 1, 1, 1, 1, 1);
INSERT INTO ACESSOS (FK_OPERADORES, PK_ACESSOS, FK_MODULOS, FK_ROTINAS, FK_PROGRAMAS, FLAG_BRW, FLAG_FND, FLAG_INS, FLAG_UPD, FLAG_DEL, FLAG_VIS) VALUES ('SYSDBA', 94, 4, 1, 5, 1, 1, 1, 1, 1, 1);
INSERT INTO ACESSOS (FK_OPERADORES, PK_ACESSOS, FK_MODULOS, FK_ROTINAS, FK_PROGRAMAS, FLAG_BRW, FLAG_FND, FLAG_INS, FLAG_UPD, FLAG_DEL, FLAG_VIS) VALUES ('SYSDBA', 93, 4, 2, 1, 1, 1, 1, 1, 1, 1);
INSERT INTO ACESSOS (FK_OPERADORES, PK_ACESSOS, FK_MODULOS, FK_ROTINAS, FK_PROGRAMAS, FLAG_BRW, FLAG_FND, FLAG_INS, FLAG_UPD, FLAG_DEL, FLAG_VIS) VALUES ('SYSDBA', 35, 5, 1, 3, 1, 1, 1, 1, 1, 1);
INSERT INTO ACESSOS (FK_OPERADORES, PK_ACESSOS, FK_MODULOS, FK_ROTINAS, FK_PROGRAMAS, FLAG_BRW, FLAG_FND, FLAG_INS, FLAG_UPD, FLAG_DEL, FLAG_VIS) VALUES ('SYSDBA', 37, 5, 1, 5, 1, 1, 1, 1, 1, 1);
INSERT INTO ACESSOS (FK_OPERADORES, PK_ACESSOS, FK_MODULOS, FK_ROTINAS, FK_PROGRAMAS, FLAG_BRW, FLAG_FND, FLAG_INS, FLAG_UPD, FLAG_DEL, FLAG_VIS) VALUES ('SYSDBA', 38, 5, 1, 6, 1, 1, 1, 1, 1, 1);
INSERT INTO ACESSOS (FK_OPERADORES, PK_ACESSOS, FK_MODULOS, FK_ROTINAS, FK_PROGRAMAS, FLAG_BRW, FLAG_FND, FLAG_INS, FLAG_UPD, FLAG_DEL, FLAG_VIS) VALUES ('SYSDBA', 39, 5, 1, 7, 1, 1, 1, 1, 1, 1);
INSERT INTO ACESSOS (FK_OPERADORES, PK_ACESSOS, FK_MODULOS, FK_ROTINAS, FK_PROGRAMAS, FLAG_BRW, FLAG_FND, FLAG_INS, FLAG_UPD, FLAG_DEL, FLAG_VIS) VALUES ('SYSDBA', 40, 5, 1, 8, 1, 1, 1, 1, 1, 1);
INSERT INTO ACESSOS (FK_OPERADORES, PK_ACESSOS, FK_MODULOS, FK_ROTINAS, FK_PROGRAMAS, FLAG_BRW, FLAG_FND, FLAG_INS, FLAG_UPD, FLAG_DEL, FLAG_VIS) VALUES ('SYSDBA', 41, 5, 1, 10, 1, 1, 1, 1, 1, 1);
INSERT INTO ACESSOS (FK_OPERADORES, PK_ACESSOS, FK_MODULOS, FK_ROTINAS, FK_PROGRAMAS, FLAG_BRW, FLAG_FND, FLAG_INS, FLAG_UPD, FLAG_DEL, FLAG_VIS) VALUES ('SYSDBA', 43, 5, 1, 17, 1, 1, 1, 1, 1, 1);
INSERT INTO ACESSOS (FK_OPERADORES, PK_ACESSOS, FK_MODULOS, FK_ROTINAS, FK_PROGRAMAS, FLAG_BRW, FLAG_FND, FLAG_INS, FLAG_UPD, FLAG_DEL, FLAG_VIS) VALUES ('SYSDBA', 44, 5, 1, 19, 1, 1, 1, 1, 1, 1);
INSERT INTO ACESSOS (FK_OPERADORES, PK_ACESSOS, FK_MODULOS, FK_ROTINAS, FK_PROGRAMAS, FLAG_BRW, FLAG_FND, FLAG_INS, FLAG_UPD, FLAG_DEL, FLAG_VIS) VALUES ('SYSDBA', 45, 5, 1, 20, 1, 1, 1, 1, 1, 1);
INSERT INTO ACESSOS (FK_OPERADORES, PK_ACESSOS, FK_MODULOS, FK_ROTINAS, FK_PROGRAMAS, FLAG_BRW, FLAG_FND, FLAG_INS, FLAG_UPD, FLAG_DEL, FLAG_VIS) VALUES ('SYSDBA', 86, 5, 1, 21, 1, 1, 1, 1, 1, 1);
INSERT INTO ACESSOS (FK_OPERADORES, PK_ACESSOS, FK_MODULOS, FK_ROTINAS, FK_PROGRAMAS, FLAG_BRW, FLAG_FND, FLAG_INS, FLAG_UPD, FLAG_DEL, FLAG_VIS) VALUES ('SYSDBA', 46, 5, 2, 1, 1, 1, 1, 1, 1, 1);
INSERT INTO ACESSOS (FK_OPERADORES, PK_ACESSOS, FK_MODULOS, FK_ROTINAS, FK_PROGRAMAS, FLAG_BRW, FLAG_FND, FLAG_INS, FLAG_UPD, FLAG_DEL, FLAG_VIS) VALUES ('SYSDBA', 47, 5, 2, 2, 1, 1, 1, 1, 1, 1);
INSERT INTO ACESSOS (FK_OPERADORES, PK_ACESSOS, FK_MODULOS, FK_ROTINAS, FK_PROGRAMAS, FLAG_BRW, FLAG_FND, FLAG_INS, FLAG_UPD, FLAG_DEL, FLAG_VIS) VALUES ('SYSDBA', 48, 5, 2, 3, 1, 1, 1, 1, 1, 1);
INSERT INTO ACESSOS (FK_OPERADORES, PK_ACESSOS, FK_MODULOS, FK_ROTINAS, FK_PROGRAMAS, FLAG_BRW, FLAG_FND, FLAG_INS, FLAG_UPD, FLAG_DEL, FLAG_VIS) VALUES ('SYSDBA', 49, 5, 2, 4, 1, 1, 1, 1, 1, 1);
INSERT INTO ACESSOS (FK_OPERADORES, PK_ACESSOS, FK_MODULOS, FK_ROTINAS, FK_PROGRAMAS, FLAG_BRW, FLAG_FND, FLAG_INS, FLAG_UPD, FLAG_DEL, FLAG_VIS) VALUES ('SYSDBA', 50, 5, 2, 5, 1, 1, 1, 1, 1, 1);
INSERT INTO ACESSOS (FK_OPERADORES, PK_ACESSOS, FK_MODULOS, FK_ROTINAS, FK_PROGRAMAS, FLAG_BRW, FLAG_FND, FLAG_INS, FLAG_UPD, FLAG_DEL, FLAG_VIS) VALUES ('SYSDBA', 51, 5, 2, 6, 1, 1, 1, 1, 1, 1);
INSERT INTO ACESSOS (FK_OPERADORES, PK_ACESSOS, FK_MODULOS, FK_ROTINAS, FK_PROGRAMAS, FLAG_BRW, FLAG_FND, FLAG_INS, FLAG_UPD, FLAG_DEL, FLAG_VIS) VALUES ('SYSDBA', 52, 5, 4, 1, 1, 1, 1, 1, 1, 1);
INSERT INTO ACESSOS (FK_OPERADORES, PK_ACESSOS, FK_MODULOS, FK_ROTINAS, FK_PROGRAMAS, FLAG_BRW, FLAG_FND, FLAG_INS, FLAG_UPD, FLAG_DEL, FLAG_VIS) VALUES ('SYSDBA', 53, 5, 4, 2, 1, 1, 1, 1, 1, 1);
INSERT INTO ACESSOS (FK_OPERADORES, PK_ACESSOS, FK_MODULOS, FK_ROTINAS, FK_PROGRAMAS, FLAG_BRW, FLAG_FND, FLAG_INS, FLAG_UPD, FLAG_DEL, FLAG_VIS) VALUES ('SYSDBA', 54, 5, 4, 3, 1, 1, 1, 1, 1, 1);
INSERT INTO ACESSOS (FK_OPERADORES, PK_ACESSOS, FK_MODULOS, FK_ROTINAS, FK_PROGRAMAS, FLAG_BRW, FLAG_FND, FLAG_INS, FLAG_UPD, FLAG_DEL, FLAG_VIS) VALUES ('SYSDBA', 55, 5, 6, 1, 1, 1, 1, 1, 1, 1);
INSERT INTO ACESSOS (FK_OPERADORES, PK_ACESSOS, FK_MODULOS, FK_ROTINAS, FK_PROGRAMAS, FLAG_BRW, FLAG_FND, FLAG_INS, FLAG_UPD, FLAG_DEL, FLAG_VIS) VALUES ('SYSDBA', 88, 5, 6, 2, 1, 1, 1, 1, 1, 1);
INSERT INTO ACESSOS (FK_OPERADORES, PK_ACESSOS, FK_MODULOS, FK_ROTINAS, FK_PROGRAMAS, FLAG_BRW, FLAG_FND, FLAG_INS, FLAG_UPD, FLAG_DEL, FLAG_VIS) VALUES ('SYSDBA', 89, 5, 6, 3, 1, 1, 1, 1, 1, 1);
INSERT INTO ACESSOS (FK_OPERADORES, PK_ACESSOS, FK_MODULOS, FK_ROTINAS, FK_PROGRAMAS, FLAG_BRW, FLAG_FND, FLAG_INS, FLAG_UPD, FLAG_DEL, FLAG_VIS) VALUES ('SYSDBA', 56, 6, 1, 1, 1, 1, 1, 1, 1, 1);
INSERT INTO ACESSOS (FK_OPERADORES, PK_ACESSOS, FK_MODULOS, FK_ROTINAS, FK_PROGRAMAS, FLAG_BRW, FLAG_FND, FLAG_INS, FLAG_UPD, FLAG_DEL, FLAG_VIS) VALUES ('SYSDBA', 57, 6, 1, 2, 1, 1, 1, 1, 1, 1);
INSERT INTO ACESSOS (FK_OPERADORES, PK_ACESSOS, FK_MODULOS, FK_ROTINAS, FK_PROGRAMAS, FLAG_BRW, FLAG_FND, FLAG_INS, FLAG_UPD, FLAG_DEL, FLAG_VIS) VALUES ('SYSDBA', 58, 6, 1, 3, 1, 1, 1, 1, 1, 1);
INSERT INTO ACESSOS (FK_OPERADORES, PK_ACESSOS, FK_MODULOS, FK_ROTINAS, FK_PROGRAMAS, FLAG_BRW, FLAG_FND, FLAG_INS, FLAG_UPD, FLAG_DEL, FLAG_VIS) VALUES ('SYSDBA', 59, 6, 7, 1, 1, 1, 1, 1, 1, 1);
INSERT INTO ACESSOS (FK_OPERADORES, PK_ACESSOS, FK_MODULOS, FK_ROTINAS, FK_PROGRAMAS, FLAG_BRW, FLAG_FND, FLAG_INS, FLAG_UPD, FLAG_DEL, FLAG_VIS) VALUES ('SYSDBA', 60, 8, 2, 2, 1, 1, 1, 1, 1, 1);
INSERT INTO ACESSOS (FK_OPERADORES, PK_ACESSOS, FK_MODULOS, FK_ROTINAS, FK_PROGRAMAS, FLAG_BRW, FLAG_FND, FLAG_INS, FLAG_UPD, FLAG_DEL, FLAG_VIS) VALUES ('SYSDBA', 65, 10, 1, 5, 1, 1, 1, 1, 1, 1);
INSERT INTO ACESSOS (FK_OPERADORES, PK_ACESSOS, FK_MODULOS, FK_ROTINAS, FK_PROGRAMAS, FLAG_BRW, FLAG_FND, FLAG_INS, FLAG_UPD, FLAG_DEL, FLAG_VIS) VALUES ('SYSDBA', 67, 10, 1, 7, 1, 1, 1, 1, 1, 1);
INSERT INTO ACESSOS (FK_OPERADORES, PK_ACESSOS, FK_MODULOS, FK_ROTINAS, FK_PROGRAMAS, FLAG_BRW, FLAG_FND, FLAG_INS, FLAG_UPD, FLAG_DEL, FLAG_VIS) VALUES ('SYSDBA', 68, 10, 1, 8, 1, 1, 1, 1, 1, 1);
INSERT INTO ACESSOS (FK_OPERADORES, PK_ACESSOS, FK_MODULOS, FK_ROTINAS, FK_PROGRAMAS, FLAG_BRW, FLAG_FND, FLAG_INS, FLAG_UPD, FLAG_DEL, FLAG_VIS) VALUES ('SYSDBA', 87, 10, 1, 9, 1, 1, 1, 1, 1, 1);
INSERT INTO ACESSOS (FK_OPERADORES, PK_ACESSOS, FK_MODULOS, FK_ROTINAS, FK_PROGRAMAS, FLAG_BRW, FLAG_FND, FLAG_INS, FLAG_UPD, FLAG_DEL, FLAG_VIS) VALUES ('SYSDBA', 69, 10, 6, 1, 1, 1, 1, 1, 1, 1);
INSERT INTO ACESSOS (FK_OPERADORES, PK_ACESSOS, FK_MODULOS, FK_ROTINAS, FK_PROGRAMAS, FLAG_BRW, FLAG_FND, FLAG_INS, FLAG_UPD, FLAG_DEL, FLAG_VIS) VALUES ('SYSDBA', 90, 10, 6, 2, 1, 1, 1, 1, 1, 1);
INSERT INTO ACESSOS (FK_OPERADORES, PK_ACESSOS, FK_MODULOS, FK_ROTINAS, FK_PROGRAMAS, FLAG_BRW, FLAG_FND, FLAG_INS, FLAG_UPD, FLAG_DEL, FLAG_VIS) VALUES ('SYSDBA', 70, 12, 1, 1, 1, 1, 1, 1, 1, 1);
INSERT INTO ACESSOS (FK_OPERADORES, PK_ACESSOS, FK_MODULOS, FK_ROTINAS, FK_PROGRAMAS, FLAG_BRW, FLAG_FND, FLAG_INS, FLAG_UPD, FLAG_DEL, FLAG_VIS) VALUES ('SYSDBA', 71, 12, 1, 2, 1, 1, 1, 1, 1, 1);
INSERT INTO ACESSOS (FK_OPERADORES, PK_ACESSOS, FK_MODULOS, FK_ROTINAS, FK_PROGRAMAS, FLAG_BRW, FLAG_FND, FLAG_INS, FLAG_UPD, FLAG_DEL, FLAG_VIS) VALUES ('SYSDBA', 92, 12, 1, 3, 1, 1, 1, 1, 1, 1);
INSERT INTO ACESSOS (FK_OPERADORES, PK_ACESSOS, FK_MODULOS, FK_ROTINAS, FK_PROGRAMAS, FLAG_BRW, FLAG_FND, FLAG_INS, FLAG_UPD, FLAG_DEL, FLAG_VIS) VALUES ('SYSDBA', 72, 12, 2, 1, 1, 1, 1, 1, 1, 1);
INSERT INTO ACESSOS (FK_OPERADORES, PK_ACESSOS, FK_MODULOS, FK_ROTINAS, FK_PROGRAMAS, FLAG_BRW, FLAG_FND, FLAG_INS, FLAG_UPD, FLAG_DEL, FLAG_VIS) VALUES ('SYSDBA', 73, 15, 1, 1, 1, 1, 1, 1, 1, 1);
INSERT INTO ACESSOS (FK_OPERADORES, PK_ACESSOS, FK_MODULOS, FK_ROTINAS, FK_PROGRAMAS, FLAG_BRW, FLAG_FND, FLAG_INS, FLAG_UPD, FLAG_DEL, FLAG_VIS) VALUES ('SYSDBA', 74, 15, 1, 2, 1, 1, 1, 1, 1, 1);
INSERT INTO ACESSOS (FK_OPERADORES, PK_ACESSOS, FK_MODULOS, FK_ROTINAS, FK_PROGRAMAS, FLAG_BRW, FLAG_FND, FLAG_INS, FLAG_UPD, FLAG_DEL, FLAG_VIS) VALUES ('SYSDBA', 91, 15, 1, 3, 1, 1, 1, 1, 1, 1);
INSERT INTO ACESSOS (FK_OPERADORES, PK_ACESSOS, FK_MODULOS, FK_ROTINAS, FK_PROGRAMAS, FLAG_BRW, FLAG_FND, FLAG_INS, FLAG_UPD, FLAG_DEL, FLAG_VIS) VALUES ('SYSDBA', 75, 15, 6, 1, 1, 1, 1, 1, 1, 1);
INSERT INTO ACESSOS (FK_OPERADORES, PK_ACESSOS, FK_MODULOS, FK_ROTINAS, FK_PROGRAMAS, FLAG_BRW, FLAG_FND, FLAG_INS, FLAG_UPD, FLAG_DEL, FLAG_VIS) VALUES ('SYSDBA', 76, 16, 1, 1, 1, 1, 1, 1, 1, 1);
INSERT INTO ACESSOS (FK_OPERADORES, PK_ACESSOS, FK_MODULOS, FK_ROTINAS, FK_PROGRAMAS, FLAG_BRW, FLAG_FND, FLAG_INS, FLAG_UPD, FLAG_DEL, FLAG_VIS) VALUES ('SYSDBA', 77, 16, 1, 2, 1, 1, 1, 1, 1, 1);
INSERT INTO ACESSOS (FK_OPERADORES, PK_ACESSOS, FK_MODULOS, FK_ROTINAS, FK_PROGRAMAS, FLAG_BRW, FLAG_FND, FLAG_INS, FLAG_UPD, FLAG_DEL, FLAG_VIS) VALUES ('SYSDBA', 78, 16, 1, 3, 1, 1, 1, 1, 1, 1);
INSERT INTO ACESSOS (FK_OPERADORES, PK_ACESSOS, FK_MODULOS, FK_ROTINAS, FK_PROGRAMAS, FLAG_BRW, FLAG_FND, FLAG_INS, FLAG_UPD, FLAG_DEL, FLAG_VIS) VALUES ('SYSDBA', 79, 16, 1, 4, 1, 1, 1, 1, 1, 1);
INSERT INTO ACESSOS (FK_OPERADORES, PK_ACESSOS, FK_MODULOS, FK_ROTINAS, FK_PROGRAMAS, FLAG_BRW, FLAG_FND, FLAG_INS, FLAG_UPD, FLAG_DEL, FLAG_VIS) VALUES ('SYSDBA', 80, 16, 1, 5, 1, 1, 1, 1, 1, 1);
INSERT INTO ACESSOS (FK_OPERADORES, PK_ACESSOS, FK_MODULOS, FK_ROTINAS, FK_PROGRAMAS, FLAG_BRW, FLAG_FND, FLAG_INS, FLAG_UPD, FLAG_DEL, FLAG_VIS) VALUES ('SYSDBA', 81, 16, 2, 1, 1, 1, 1, 1, 1, 1);
INSERT INTO ACESSOS (FK_OPERADORES, PK_ACESSOS, FK_MODULOS, FK_ROTINAS, FK_PROGRAMAS, FLAG_BRW, FLAG_FND, FLAG_INS, FLAG_UPD, FLAG_DEL, FLAG_VIS) VALUES ('SYSDBA', 82, 16, 3, 1, 1, 1, 1, 1, 1, 1);
INSERT INTO ACESSOS (FK_OPERADORES, PK_ACESSOS, FK_MODULOS, FK_ROTINAS, FK_PROGRAMAS, FLAG_BRW, FLAG_FND, FLAG_INS, FLAG_UPD, FLAG_DEL, FLAG_VIS) VALUES ('SYSDBA', 83, 16, 6, 1, 1, 1, 1, 1, 1, 1);
INSERT INTO ACESSOS (FK_OPERADORES, PK_ACESSOS, FK_MODULOS, FK_ROTINAS, FK_PROGRAMAS, FLAG_BRW, FLAG_FND, FLAG_INS, FLAG_UPD, FLAG_DEL, FLAG_VIS) VALUES ('SYSDBA', 84, 16, 6, 2, 1, 1, 1, 1, 1, 1);
INSERT INTO ACESSOS (FK_OPERADORES, PK_ACESSOS, FK_MODULOS, FK_ROTINAS, FK_PROGRAMAS, FLAG_BRW, FLAG_FND, FLAG_INS, FLAG_UPD, FLAG_DEL, FLAG_VIS) VALUES ('SYSDBA', 85, 16, 6, 3, 1, 1, 1, 1, 1, 1);

COMMIT WORK;


